code,word1_weight,word2_weight,word3_weight,word4_weight,word5_weight,year
662,0,0,0,0,0,2004
525,25,75,0,0,0,2004
532,55,36,0,0,9,2004
790,40,60,0,0,0,2004
644,0,0,0,0,0,2004
583,0,0,0,0,0,2004
634,0,0,0,0,0,2004
743,67,33,0,0,0,2004
524,43,52,0,1,4,2004
520,67,0,0,0,33,2004
635,73,27,0,0,0,2004
800,100,0,0,0,0,2004
512,54,38,0,4,4,2004
537,100,0,0,0,0,2004
716,67,33,0,0,0,2004
692,50,50,0,0,0,2004
821,0,100,0,0,0,2004
756,0,100,0,0,0,2004
746,50,50,0,0,0,2004
502,100,0,0,0,0,2004
630,86,14,0,0,0,2004
559,0,0,0,0,0,2004
757,50,50,0,0,0,2004
506,41,47,1,8,3,2004
736,0,0,0,0,0,2004
514,48,32,5,10,5,2004
523,54,46,0,0,0,2004
754,100,0,0,0,0,2004
767,0,0,0,0,0,2004
637,67,33,0,0,0,2004
648,33,67,0,0,0,2004
519,33,67,0,0,0,2004
564,60,40,0,0,0,2004
517,36,64,0,0,0,2004
584,75,25,0,0,0,2004
575,16,67,0,17,0,2004
759,50,50,0,0,0,2004
602,51,45,3,0,1,2004
868,0,100,0,0,0,2004
515,53,42,0,5,0,2004
598,0,0,0,0,0,2004
510,41,51,4,0,4,2004
752,50,50,0,0,0,2004
546,44,56,0,0,0,2004
604,0,100,0,0,0,2004
522,0,100,0,0,0,2004
535,25,67,8,0,0,2004
673,0,0,0,0,0,2004
600,75,25,0,0,0,2004
623,52,32,4,6,6,2004
682,0,50,0,0,50,2004
542,0,100,0,0,0,2004
751,54,40,0,6,0,2004
679,50,50,0,0,0,2004
505,56,38,0,6,0,2004
606,0,0,0,0,0,2004
676,50,50,0,0,0,2004
765,0,100,0,0,0,2004
565,0,0,0,0,0,2004
516,50,50,0,0,0,2004
801,100,0,0,0,0,2004
802,0,0,0,0,0,2004
649,100,0,0,0,0,2004
745,0,0,0,0,0,2004
724,0,100,0,0,0,2004
513,75,25,0,0,0,2004
570,100,0,0,0,0,2004
866,60,20,0,0,20,2004
571,0,100,0,0,0,2004
670,0,100,0,0,0,2004
509,0,0,0,0,0,2004
592,67,0,0,0,33,2004
798,0,0,0,0,0,2004
773,0,0,0,0,0,2004
563,63,37,0,0,0,2004
755,0,0,0,0,0,2004
658,58,42,0,0,0,2004
518,75,25,0,0,0,2004
545,100,0,0,0,0,2004
567,40,50,10,0,0,2004
647,0,0,0,0,0,2004
636,0,100,0,0,0,2004
566,80,20,0,0,0,2004
569,67,33,0,0,0,2004
533,60,34,6,0,0,2004
710,100,0,0,0,0,2004
766,0,0,0,0,0,2004
744,67,0,0,0,33,2004
618,56,39,0,5,0,2004
691,50,50,0,0,0,2004
758,0,0,0,0,0,2004
527,40,60,0,0,0,2004
718,33,67,0,0,0,2004
639,0,0,0,0,0,2004
561,50,25,0,0,25,2004
574,100,0,0,0,0,2004
734,0,0,0,0,0,2004
603,100,0,0,0,0,2004
747,0,0,0,0,0,2004
616,39,53,4,0,4,2004
557,80,0,0,0,20,2004
702,16,67,0,0,17,2004
582,100,0,0,0,0,2004
642,100,0,0,0,0,2004
643,100,0,0,0,0,2004
551,33,67,0,0,0,2004
749,0,0,0,0,0,2004
839,43,43,14,0,0,2004
541,50,16,0,0,34,2004
558,0,50,50,0,0,2004
722,33,67,0,0,0,2004
693,38,50,12,0,0,2004
803,58,27,3,4,8,2004
529,45,33,11,0,11,2004
651,0,0,0,0,0,2004
503,0,0,0,0,0,2004
669,50,50,0,0,0,2004
737,0,100,0,0,0,2004
553,67,33,0,0,0,2004
813,33,67,0,0,0,2004
640,37,63,0,0,0,2004
711,0,0,0,0,0,2004
528,55,28,4,4,9,2004
617,55,36,0,0,9,2004
613,7,92,0,0,1,2004
687,0,0,0,0,0,2004
762,0,0,0,0,0,2004
686,100,0,0,0,0,2004
628,0,100,0,0,0,2004
828,0,100,0,0,0,2004
698,100,0,0,0,0,2004
659,38,39,0,0,23,2004
622,72,28,0,0,0,2004
501,51,35,2,5,7,2004
544,39,54,0,7,0,2004
740,0,0,0,0,0,2004
633,0,0,0,0,0,2004
650,20,80,0,0,0,2004
652,43,57,0,0,0,2004
534,47,41,6,6,0,2004
631,0,100,0,0,0,2004
632,100,0,0,0,0,2004
804,100,0,0,0,0,2004
656,0,0,100,0,0,2004
597,0,0,0,0,0,2004
675,0,84,0,0,16,2004
504,56,26,6,6,6,2004
753,58,36,3,3,0,2004
508,63,37,0,0,0,2004
820,62,33,5,0,0,2004
500,60,30,0,0,10,2004
552,0,0,0,0,0,2004
521,56,33,0,0,11,2004
717,0,0,0,0,0,2004
560,40,40,10,5,5,2004
764,50,50,0,0,0,2004
811,50,50,0,0,0,2004
556,79,21,0,0,0,2004
573,50,17,0,16,17,2004
611,0,100,0,0,0,2004
538,50,39,0,5,6,2004
610,0,0,0,0,0,2004
862,53,42,0,0,5,2004
576,0,0,0,0,0,2004
770,38,50,0,0,12,2004
661,0,0,0,0,0,2004
641,33,67,0,0,0,2004
825,36,60,0,0,4,2004
807,42,48,1,4,5,2004
855,67,0,0,33,0,2004
507,75,25,0,0,0,2004
819,47,52,0,0,1,2004
657,100,0,0,0,0,2004
612,60,40,0,0,0,2004
624,40,60,0,0,0,2004
725,0,0,100,0,0,2004
588,100,0,0,0,0,2004
881,60,40,0,0,0,2004
619,33,0,0,0,67,2004
543,25,75,0,0,0,2004
638,100,0,0,0,0,2004
609,39,47,0,3,11,2004
555,67,33,0,0,0,2004
530,0,0,0,0,0,2004
539,77,18,0,0,5,2004
581,0,0,0,0,0,2004
547,72,28,0,0,0,2004
605,0,100,0,0,0,2004
540,0,0,0,0,0,2004
531,20,80,0,0,0,2004
789,57,43,0,0,0,2004
671,33,0,34,0,33,2004
760,0,0,0,0,0,2004
709,0,0,0,0,0,2004
526,50,50,0,0,0,2004
626,0,0,0,0,0,2004
625,67,16,0,0,17,2004
511,54,29,5,4,8,2004
549,100,0,0,0,0,2004
705,0,100,0,0,0,2004
548,50,50,0,0,0,2004
554,67,33,0,0,0,2004
627,0,0,0,0,0,2004
678,33,45,0,11,11,2004
577,67,16,0,0,17,2004
550,50,50,0,0,0,2004
810,50,50,0,0,0,2004
536,0,100,0,0,0,2004
771,0,0,0,0,0,2004
596,0,0,0,0,0,2004
662,0,0,0,0,0,2005
525,75,0,0,0,25,2005
532,80,20,0,0,0,2005
790,42,50,0,8,0,2005
644,0,0,0,0,0,2005
583,0,0,0,0,0,2005
634,0,0,0,0,100,2005
743,43,57,0,0,0,2005
524,59,33,0,3,5,2005
520,67,17,0,0,16,2005
635,43,54,3,0,0,2005
800,67,33,0,0,0,2005
512,59,37,0,2,2,2005
537,20,80,0,0,0,2005
716,72,14,14,0,0,2005
692,67,33,0,0,0,2005
821,0,0,0,0,0,2005
756,50,50,0,0,0,2005
746,0,0,0,0,0,2005
502,57,43,0,0,0,2005
630,44,48,0,0,8,2005
559,0,100,0,0,0,2005
757,25,50,0,0,25,2005
506,44,50,0,0,6,2005
736,67,33,0,0,0,2005
514,74,14,6,0,6,2005
523,16,77,0,0,7,2005
754,100,0,0,0,0,2005
767,0,100,0,0,0,2005
637,43,43,0,7,7,2005
648,63,25,0,0,12,2005
519,75,25,0,0,0,2005
564,77,23,0,0,0,2005
517,52,42,0,3,3,2005
584,50,50,0,0,0,2005
575,50,50,0,0,0,2005
759,67,33,0,0,0,2005
602,49,43,1,1,6,2005
868,50,50,0,0,0,2005
515,69,26,0,0,5,2005
598,67,33,0,0,0,2005
510,67,27,0,0,6,2005
752,34,50,0,0,16,2005
546,46,54,0,0,0,2005
604,27,55,0,0,18,2005
522,50,50,0,0,0,2005
535,60,40,0,0,0,2005
673,50,50,0,0,0,2005
600,75,0,0,25,0,2005
623,57,38,0,2,3,2005
682,34,50,0,0,16,2005
542,58,28,0,0,14,2005
751,44,54,2,0,0,2005
679,28,65,0,0,7,2005
505,61,34,4,1,0,2005
606,100,0,0,0,0,2005
676,20,80,0,0,0,2005
765,50,50,0,0,0,2005
565,0,0,0,0,0,2005
516,50,50,0,0,0,2005
801,50,38,12,0,0,2005
802,0,0,0,0,0,2005
649,100,0,0,0,0,2005
745,100,0,0,0,0,2005
724,36,64,0,0,0,2005
513,63,37,0,0,0,2005
570,100,0,0,0,0,2005
866,100,0,0,0,0,2005
571,0,0,0,0,0,2005
670,67,33,0,0,0,2005
509,33,67,0,0,0,2005
592,60,20,0,20,0,2005
798,0,0,0,0,0,2005
773,100,0,0,0,0,2005
563,67,33,0,0,0,2005
755,0,100,0,0,0,2005
658,57,37,0,0,6,2005
518,50,50,0,0,0,2005
545,100,0,0,0,0,2005
567,37,57,0,6,0,2005
647,0,0,0,0,0,2005
636,50,0,0,0,50,2005
566,81,0,0,13,6,2005
569,67,33,0,0,0,2005
533,59,31,7,0,3,2005
710,0,0,0,0,0,2005
766,0,100,0,0,0,2005
744,80,0,0,20,0,2005
618,58,34,0,2,6,2005
691,43,57,0,0,0,2005
758,0,0,0,0,0,2005
527,43,53,4,0,0,2005
718,60,40,0,0,0,2005
639,100,0,0,0,0,2005
561,80,0,0,10,10,2005
574,36,46,0,9,9,2005
734,0,0,0,0,0,2005
603,100,0,0,0,0,2005
747,0,0,0,0,0,2005
616,43,49,0,2,6,2005
557,64,27,0,0,9,2005
702,24,54,15,0,7,2005
582,25,75,0,0,0,2005
642,75,25,0,0,0,2005
643,100,0,0,0,0,2005
551,0,0,0,0,0,2005
749,0,0,0,0,0,2005
839,72,28,0,0,0,2005
541,56,44,0,0,0,2005
558,50,50,0,0,0,2005
722,44,56,0,0,0,2005
693,40,50,0,0,10,2005
803,59,30,7,2,2,2005
529,55,45,0,0,0,2005
651,75,25,0,0,0,2005
503,67,33,0,0,0,2005
669,34,66,0,0,0,2005
737,0,100,0,0,0,2005
553,67,33,0,0,0,2005
813,0,0,100,0,0,2005
640,31,62,0,0,7,2005
711,100,0,0,0,0,2005
528,54,34,3,3,6,2005
617,48,47,0,0,5,2005
613,4,95,0,0,1,2005
687,100,0,0,0,0,2005
762,100,0,0,0,0,2005
686,65,24,5,6,0,2005
628,50,50,0,0,0,2005
828,50,50,0,0,0,2005
698,0,100,0,0,0,2005
659,54,31,0,0,15,2005
622,91,9,0,0,0,2005
501,58,28,2,3,9,2005
544,55,30,5,5,5,2005
740,0,0,0,0,0,2005
633,0,100,0,0,0,2005
650,57,24,0,0,19,2005
652,50,50,0,0,0,2005
534,52,35,0,5,8,2005
631,0,100,0,0,0,2005
632,33,67,0,0,0,2005
804,100,0,0,0,0,2005
656,100,0,0,0,0,2005
597,0,0,0,0,0,2005
675,57,43,0,0,0,2005
504,62,34,0,2,2,2005
753,63,34,0,0,3,2005
508,59,37,2,0,2,2005
820,41,49,3,3,4,2005
500,67,33,0,0,0,2005
552,0,0,0,0,0,2005
521,72,14,0,7,7,2005
717,0,0,0,0,0,2005
560,54,37,0,7,2,2005
764,67,33,0,0,0,2005
811,0,50,50,0,0,2005
556,78,11,0,0,11,2005
573,80,10,10,0,0,2005
611,38,38,12,0,12,2005
538,50,44,0,0,6,2005
610,100,0,0,0,0,2005
862,68,32,0,0,0,2005
576,0,0,0,0,0,2005
770,30,50,5,0,15,2005
661,0,0,0,0,0,2005
641,55,27,9,0,9,2005
825,61,27,3,3,6,2005
807,53,39,0,0,8,2005
855,0,60,0,20,20,2005
507,72,14,14,0,0,2005
819,46,46,1,1,6,2005
657,33,67,0,0,0,2005
612,33,67,0,0,0,2005
624,50,50,0,0,0,2005
725,29,43,14,0,14,2005
588,25,0,0,0,75,2005
881,50,34,0,0,16,2005
619,58,28,0,0,14,2005
543,25,75,0,0,0,2005
638,100,0,0,0,0,2005
609,49,41,5,0,5,2005
555,50,50,0,0,0,2005
530,34,50,0,0,16,2005
539,53,25,5,10,7,2005
581,0,100,0,0,0,2005
547,50,50,0,0,0,2005
605,100,0,0,0,0,2005
540,33,67,0,0,0,2005
531,57,43,0,0,0,2005
789,33,67,0,0,0,2005
671,33,67,0,0,0,2005
760,100,0,0,0,0,2005
709,34,0,0,33,33,2005
526,100,0,0,0,0,2005
626,0,0,0,0,0,2005
625,50,50,0,0,0,2005
511,47,37,3,8,5,2005
549,50,50,0,0,0,2005
705,0,0,0,0,0,2005
548,50,30,10,0,10,2005
554,100,0,0,0,0,2005
627,0,100,0,0,0,2005
678,57,43,0,0,0,2005
577,80,20,0,0,0,2005
550,50,50,0,0,0,2005
810,100,0,0,0,0,2005
536,0,100,0,0,0,2005
771,0,0,0,0,0,2005
596,0,0,0,0,0,2005
662,100,0,0,0,0,2006
525,56,44,0,0,0,2006
532,53,39,0,6,2,2006
790,22,73,0,5,0,2006
644,0,0,0,0,0,2006
583,0,0,0,0,0,2006
634,0,0,0,0,0,2006
743,33,67,0,0,0,2006
524,57,35,2,2,4,2006
520,67,22,0,0,11,2006
635,51,39,4,2,4,2006
800,100,0,0,0,0,2006
512,75,18,2,0,5,2006
537,0,100,0,0,0,2006
716,54,39,0,0,7,2006
692,86,14,0,0,0,2006
821,100,0,0,0,0,2006
756,33,67,0,0,0,2006
746,0,0,0,0,0,2006
502,40,60,0,0,0,2006
630,67,33,0,0,0,2006
559,100,0,0,0,0,2006
757,58,14,0,14,14,2006
506,42,50,1,4,3,2006
736,50,50,0,0,0,2006
514,62,23,0,8,7,2006
523,48,47,5,0,0,2006
754,100,0,0,0,0,2006
767,0,0,0,0,0,2006
637,53,42,0,0,5,2006
648,50,50,0,0,0,2006
519,51,33,0,0,16,2006
564,76,16,0,0,8,2006
517,61,31,0,4,4,2006
584,75,25,0,0,0,2006
575,36,55,0,0,9,2006
759,67,33,0,0,0,2006
602,50,41,4,2,3,2006
868,33,67,0,0,0,2006
515,66,31,3,0,0,2006
598,0,0,0,0,0,2006
510,67,23,5,4,1,2006
752,40,54,0,6,0,2006
546,67,33,0,0,0,2006
604,40,60,0,0,0,2006
522,0,100,0,0,0,2006
535,64,29,0,5,2,2006
673,0,50,50,0,0,2006
600,75,0,25,0,0,2006
623,46,44,6,0,4,2006
682,14,86,0,0,0,2006
542,42,23,5,0,30,2006
751,46,41,5,5,3,2006
679,20,70,0,10,0,2006
505,65,28,1,4,2,2006
606,100,0,0,0,0,2006
676,25,75,0,0,0,2006
765,0,100,0,0,0,2006
565,0,100,0,0,0,2006
516,67,33,0,0,0,2006
801,54,46,0,0,0,2006
802,100,0,0,0,0,2006
649,50,0,0,0,50,2006
745,100,0,0,0,0,2006
724,31,69,0,0,0,2006
513,67,16,0,0,17,2006
570,100,0,0,0,0,2006
866,75,25,0,0,0,2006
571,100,0,0,0,0,2006
670,51,33,0,0,16,2006
509,60,20,0,0,20,2006
592,50,38,0,0,12,2006
798,0,0,0,0,0,2006
773,0,0,0,0,0,2006
563,41,52,4,0,3,2006
755,100,0,0,0,0,2006
658,51,33,0,11,5,2006
518,69,25,3,3,0,2006
545,72,28,0,0,0,2006
567,48,44,0,4,4,2006
647,0,0,0,0,0,2006
636,34,33,0,0,33,2006
566,66,34,0,0,0,2006
569,100,0,0,0,0,2006
533,38,52,0,4,6,2006
710,100,0,0,0,0,2006
766,0,0,0,0,0,2006
744,62,23,8,0,7,2006
618,59,30,7,0,4,2006
691,67,33,0,0,0,2006
758,0,0,0,0,0,2006
527,45,52,0,3,0,2006
718,50,50,0,0,0,2006
639,84,16,0,0,0,2006
561,51,39,0,5,5,2006
574,47,39,7,7,0,2006
734,0,0,0,0,0,2006
603,50,0,0,0,50,2006
747,0,100,0,0,0,2006
616,55,38,1,0,6,2006
557,47,46,0,0,7,2006
702,40,55,0,0,5,2006
582,0,0,100,0,0,2006
642,50,50,0,0,0,2006
643,0,0,0,0,0,2006
551,40,60,0,0,0,2006
749,100,0,0,0,0,2006
839,65,20,10,0,5,2006
541,91,9,0,0,0,2006
558,50,50,0,0,0,2006
722,42,50,8,0,0,2006
693,64,27,0,9,0,2006
803,60,28,2,4,6,2006
529,61,33,0,0,6,2006
651,50,25,0,25,0,2006
503,50,50,0,0,0,2006
669,31,61,0,4,4,2006
737,40,60,0,0,0,2006
553,100,0,0,0,0,2006
813,33,67,0,0,0,2006
640,50,40,0,0,10,2006
711,0,0,0,0,0,2006
528,62,24,5,3,6,2006
617,53,39,0,2,6,2006
613,5,95,0,0,0,2006
687,50,50,0,0,0,2006
762,50,50,0,0,0,2006
686,54,36,5,0,5,2006
628,0,100,0,0,0,2006
828,20,60,0,0,20,2006
698,50,42,0,0,8,2006
659,51,46,3,0,0,2006
622,67,29,0,0,4,2006
501,57,26,4,5,8,2006
544,55,27,3,12,3,2006
740,0,0,0,0,0,2006
633,0,100,0,0,0,2006
650,52,32,0,3,13,2006
652,37,53,0,0,10,2006
534,49,26,5,10,10,2006
631,0,0,0,0,100,2006
632,89,11,0,0,0,2006
804,100,0,0,0,0,2006
656,75,25,0,0,0,2006
597,0,100,0,0,0,2006
675,72,28,0,0,0,2006
504,60,33,1,2,4,2006
753,43,42,5,7,3,2006
508,61,31,0,5,3,2006
820,39,51,4,4,2,2006
500,40,55,0,5,0,2006
552,0,0,0,0,0,2006
521,48,43,0,9,0,2006
717,100,0,0,0,0,2006
560,66,32,0,2,0,2006
764,50,50,0,0,0,2006
811,40,60,0,0,0,2006
556,64,36,0,0,0,2006
573,78,22,0,0,0,2006
611,27,55,9,0,9,2006
538,66,31,0,3,0,2006
610,67,33,0,0,0,2006
862,53,43,1,0,3,2006
576,50,0,0,0,50,2006
770,45,42,3,5,5,2006
661,50,50,0,0,0,2006
641,42,41,4,4,9,2006
825,61,30,5,1,3,2006
807,59,35,1,3,2,2006
855,88,12,0,0,0,2006
507,38,50,0,0,12,2006
819,44,44,2,3,7,2006
657,0,0,100,0,0,2006
612,75,25,0,0,0,2006
624,0,100,0,0,0,2006
725,25,67,8,0,0,2006
588,80,20,0,0,0,2006
881,45,44,0,0,11,2006
619,42,34,0,8,16,2006
543,39,45,11,5,0,2006
638,50,50,0,0,0,2006
609,52,36,0,8,4,2006
555,66,34,0,0,0,2006
530,31,69,0,0,0,2006
539,50,24,6,2,18,2006
581,67,33,0,0,0,2006
547,59,33,0,8,0,2006
605,50,50,0,0,0,2006
540,100,0,0,0,0,2006
531,50,50,0,0,0,2006
789,33,59,0,0,8,2006
671,47,40,0,0,13,2006
760,0,0,100,0,0,2006
709,20,80,0,0,0,2006
526,67,33,0,0,0,2006
626,0,0,0,0,0,2006
625,78,11,0,11,0,2006
511,50,37,3,4,6,2006
549,0,100,0,0,0,2006
705,75,25,0,0,0,2006
548,78,15,0,7,0,2006
554,0,0,0,0,0,2006
627,100,0,0,0,0,2006
678,37,63,0,0,0,2006
577,65,20,10,0,5,2006
550,38,50,0,0,12,2006
810,100,0,0,0,0,2006
536,86,14,0,0,0,2006
771,100,0,0,0,0,2006
596,67,33,0,0,0,2006
662,100,0,0,0,0,2007
525,50,50,0,0,0,2007
532,48,37,5,8,2,2007
790,77,8,8,0,7,2007
644,100,0,0,0,0,2007
583,0,0,0,0,0,2007
634,0,50,0,0,50,2007
743,46,36,9,0,9,2007
524,49,43,0,3,5,2007
520,58,28,0,0,14,2007
635,50,33,2,2,13,2007
800,51,33,16,0,0,2007
512,57,34,7,1,1,2007
537,34,33,33,0,0,2007
716,50,30,0,20,0,2007
692,88,12,0,0,0,2007
821,50,50,0,0,0,2007
756,50,50,0,0,0,2007
746,0,100,0,0,0,2007
502,100,0,0,0,0,2007
630,36,58,3,0,3,2007
559,50,50,0,0,0,2007
757,14,61,6,13,6,2007
506,49,37,3,5,6,2007
736,25,50,25,0,0,2007
514,44,36,8,4,8,2007
523,62,31,0,7,0,2007
754,0,100,0,0,0,2007
767,0,100,0,0,0,2007
637,19,58,4,0,19,2007
648,67,23,0,5,5,2007
519,60,30,0,10,0,2007
564,36,57,0,0,7,2007
517,54,40,0,2,4,2007
584,22,78,0,0,0,2007
575,63,37,0,0,0,2007
759,100,0,0,0,0,2007
602,47,47,2,2,2,2007
868,50,50,0,0,0,2007
515,48,48,1,0,3,2007
598,75,25,0,0,0,2007
510,31,61,2,1,5,2007
752,36,57,0,0,7,2007
546,28,65,0,0,7,2007
604,56,33,11,0,0,2007
522,0,0,0,0,0,2007
535,53,41,1,1,4,2007
673,67,33,0,0,0,2007
600,34,16,0,0,50,2007
623,50,42,2,1,5,2007
682,18,73,0,0,9,2007
542,56,22,11,0,11,2007
751,50,41,2,2,5,2007
679,24,72,0,0,4,2007
505,56,34,0,3,7,2007
606,100,0,0,0,0,2007
676,18,82,0,0,0,2007
765,40,20,20,0,20,2007
565,0,0,0,0,0,2007
516,72,28,0,0,0,2007
801,56,44,0,0,0,2007
802,0,0,0,0,0,2007
649,43,43,14,0,0,2007
745,100,0,0,0,0,2007
724,21,74,5,0,0,2007
513,51,35,0,3,11,2007
570,84,0,16,0,0,2007
866,71,24,5,0,0,2007
571,22,67,0,0,11,2007
670,50,40,0,0,10,2007
509,56,44,0,0,0,2007
592,77,15,8,0,0,2007
798,0,0,0,0,0,2007
773,50,50,0,0,0,2007
563,34,48,8,8,2,2007
755,0,0,0,0,0,2007
658,64,36,0,0,0,2007
518,50,47,0,3,0,2007
545,50,38,0,0,12,2007
567,46,44,0,2,8,2007
647,0,0,0,0,0,2007
636,100,0,0,0,0,2007
566,58,38,0,0,4,2007
569,57,43,0,0,0,2007
533,56,27,4,9,4,2007
710,100,0,0,0,0,2007
766,0,0,0,0,0,2007
744,54,30,11,0,5,2007
618,51,39,2,4,4,2007
691,28,62,5,0,5,2007
758,0,0,0,0,0,2007
527,39,45,4,2,10,2007
718,63,29,8,0,0,2007
639,33,67,0,0,0,2007
561,52,36,3,6,3,2007
574,78,22,0,0,0,2007
734,67,33,0,0,0,2007
603,29,14,0,0,57,2007
747,100,0,0,0,0,2007
616,47,42,4,3,4,2007
557,42,50,0,0,8,2007
702,27,73,0,0,0,2007
582,100,0,0,0,0,2007
642,80,20,0,0,0,2007
643,33,67,0,0,0,2007
551,29,43,14,0,14,2007
749,0,0,100,0,0,2007
839,73,17,3,0,7,2007
541,70,30,0,0,0,2007
558,40,60,0,0,0,2007
722,50,38,0,0,12,2007
693,43,53,0,0,4,2007
803,54,33,3,3,7,2007
529,51,32,8,3,6,2007
651,56,44,0,0,0,2007
503,22,67,11,0,0,2007
669,36,57,2,5,0,2007
737,0,0,0,0,0,2007
553,80,0,20,0,0,2007
813,33,67,0,0,0,2007
640,44,41,6,0,9,2007
711,100,0,0,0,0,2007
528,60,27,7,0,6,2007
617,27,61,0,6,6,2007
613,4,96,0,0,0,2007
687,67,33,0,0,0,2007
762,0,100,0,0,0,2007
686,42,58,0,0,0,2007
628,100,0,0,0,0,2007
828,75,25,0,0,0,2007
698,38,62,0,0,0,2007
659,40,57,0,2,1,2007
622,53,39,4,4,0,2007
501,53,28,4,6,9,2007
544,60,32,8,0,0,2007
740,0,0,0,0,0,2007
633,0,100,0,0,0,2007
650,52,38,0,3,7,2007
652,25,67,4,0,4,2007
534,48,30,3,4,15,2007
631,67,33,0,0,0,2007
632,42,42,8,0,8,2007
804,100,0,0,0,0,2007
656,58,28,14,0,0,2007
597,0,0,0,0,0,2007
675,72,28,0,0,0,2007
504,58,32,3,3,4,2007
753,35,56,2,1,6,2007
508,62,30,5,1,2,2007
820,59,37,1,2,1,2007
500,50,40,0,5,5,2007
552,0,0,0,0,0,2007
521,57,30,3,3,7,2007
717,50,25,25,0,0,2007
560,51,44,1,1,3,2007
764,0,100,0,0,0,2007
811,62,38,0,0,0,2007
556,67,29,0,4,0,2007
573,63,37,0,0,0,2007
611,23,77,0,0,0,2007
538,61,26,0,8,5,2007
610,34,33,0,0,33,2007
862,55,37,1,6,1,2007
576,100,0,0,0,0,2007
770,39,49,6,0,6,2007
661,100,0,0,0,0,2007
641,49,45,3,0,3,2007
825,62,28,2,1,7,2007
807,53,36,3,2,6,2007
855,78,5,6,6,5,2007
507,80,20,0,0,0,2007
819,54,33,3,3,7,2007
657,0,0,100,0,0,2007
612,39,61,0,0,0,2007
624,34,50,0,0,16,2007
725,30,59,0,0,11,2007
588,64,36,0,0,0,2007
881,54,33,0,0,13,2007
619,18,41,11,0,30,2007
543,50,44,6,0,0,2007
638,50,50,0,0,0,2007
609,50,39,4,3,4,2007
555,49,36,5,8,2,2007
530,56,33,0,0,11,2007
539,60,24,3,3,10,2007
581,55,18,18,0,9,2007
547,62,34,0,0,4,2007
605,60,40,0,0,0,2007
540,33,67,0,0,0,2007
531,50,42,8,0,0,2007
789,29,57,7,7,0,2007
671,27,67,0,0,6,2007
760,0,100,0,0,0,2007
709,84,16,0,0,0,2007
526,75,25,0,0,0,2007
626,100,0,0,0,0,2007
625,31,57,0,4,8,2007
511,45,41,4,4,6,2007
549,100,0,0,0,0,2007
705,40,60,0,0,0,2007
548,50,50,0,0,0,2007
554,75,25,0,0,0,2007
627,100,0,0,0,0,2007
678,50,38,0,0,12,2007
577,67,26,4,0,3,2007
550,43,57,0,0,0,2007
810,20,80,0,0,0,2007
536,50,30,20,0,0,2007
771,0,0,0,0,100,2007
596,0,100,0,0,0,2007
662,50,50,0,0,0,2008
525,50,40,0,0,10,2008
532,49,41,1,9,0,2008
790,55,41,0,0,4,2008
644,0,0,0,0,0,2008
583,0,0,0,0,0,2008
634,33,34,0,0,33,2008
743,84,16,0,0,0,2008
524,53,36,1,2,8,2008
520,45,50,5,0,0,2008
635,57,33,1,6,3,2008
800,67,17,16,0,0,2008
512,59,34,4,1,2,2008
537,50,50,0,0,0,2008
716,60,27,0,9,4,2008
692,50,38,12,0,0,2008
821,100,0,0,0,0,2008
756,50,50,0,0,0,2008
746,20,60,20,0,0,2008
502,50,50,0,0,0,2008
630,60,35,0,0,5,2008
559,0,0,0,0,0,2008
757,47,41,6,6,0,2008
506,46,43,5,3,3,2008
736,60,40,0,0,0,2008
514,64,28,0,4,4,2008
523,69,31,0,0,0,2008
754,33,67,0,0,0,2008
767,25,75,0,0,0,2008
637,43,40,0,7,10,2008
648,59,25,16,0,0,2008
519,90,10,0,0,0,2008
564,37,63,0,0,0,2008
517,54,39,3,2,2,2008
584,50,42,0,0,8,2008
575,65,30,5,0,0,2008
759,67,33,0,0,0,2008
602,51,41,2,2,4,2008
868,58,14,14,0,14,2008
515,65,30,0,1,4,2008
598,63,37,0,0,0,2008
510,49,42,0,4,5,2008
752,67,6,0,6,21,2008
546,74,26,0,0,0,2008
604,20,47,0,0,33,2008
522,40,60,0,0,0,2008
535,54,34,1,4,7,2008
673,67,33,0,0,0,2008
600,44,45,11,0,0,2008
623,54,31,3,4,8,2008
682,27,61,6,0,6,2008
542,68,26,6,0,0,2008
751,43,47,3,3,4,2008
679,16,72,8,1,3,2008
505,56,31,2,6,5,2008
606,50,50,0,0,0,2008
676,21,79,0,0,0,2008
765,50,40,10,0,0,2008
565,25,75,0,0,0,2008
516,56,33,11,0,0,2008
801,43,50,7,0,0,2008
802,0,100,0,0,0,2008
649,75,25,0,0,0,2008
745,60,40,0,0,0,2008
724,38,62,0,0,0,2008
513,71,20,3,0,6,2008
570,27,61,6,0,6,2008
866,36,50,0,7,7,2008
571,60,27,0,7,6,2008
670,60,30,10,0,0,2008
509,80,20,0,0,0,2008
592,50,38,6,0,6,2008
798,0,0,0,0,0,2008
773,80,20,0,0,0,2008
563,50,41,0,3,6,2008
755,100,0,0,0,0,2008
658,58,35,0,4,3,2008
518,45,40,0,5,10,2008
545,82,18,0,0,0,2008
567,49,38,4,5,4,2008
647,67,33,0,0,0,2008
636,41,36,12,0,11,2008
566,42,52,2,0,4,2008
569,67,17,16,0,0,2008
533,52,37,4,3,4,2008
710,50,50,0,0,0,2008
766,0,100,0,0,0,2008
744,35,36,5,6,18,2008
618,52,32,4,6,6,2008
691,53,42,0,0,5,2008
758,0,100,0,0,0,2008
527,55,38,1,3,3,2008
718,37,54,3,0,6,2008
639,50,50,0,0,0,2008
561,64,24,2,2,8,2008
574,80,14,0,0,6,2008
734,50,50,0,0,0,2008
603,28,14,0,0,58,2008
747,100,0,0,0,0,2008
616,46,37,3,5,9,2008
557,52,41,3,0,4,2008
702,24,70,2,0,4,2008
582,50,0,50,0,0,2008
642,75,25,0,0,0,2008
643,60,20,0,0,20,2008
551,50,25,8,17,0,2008
749,0,100,0,0,0,2008
839,69,21,0,0,10,2008
541,50,36,0,3,11,2008
558,67,33,0,0,0,2008
722,67,33,0,0,0,2008
693,71,26,0,0,3,2008
803,58,32,2,4,4,2008
529,59,36,2,1,2,2008
651,64,36,0,0,0,2008
503,43,57,0,0,0,2008
669,15,74,7,2,2,2008
737,0,100,0,0,0,2008
553,25,75,0,0,0,2008
813,72,28,0,0,0,2008
640,56,37,0,0,7,2008
711,100,0,0,0,0,2008
528,60,18,4,12,6,2008
617,50,42,1,0,7,2008
613,4,96,0,0,0,2008
687,67,33,0,0,0,2008
762,40,60,0,0,0,2008
686,37,63,0,0,0,2008
628,75,25,0,0,0,2008
828,33,56,0,11,0,2008
698,50,43,0,0,7,2008
659,57,39,2,0,2,2008
622,53,42,0,2,3,2008
501,56,28,5,4,7,2008
544,60,31,2,2,5,2008
740,0,0,0,0,0,2008
633,60,20,0,0,20,2008
650,53,40,1,1,5,2008
652,45,50,0,0,5,2008
534,55,36,1,2,6,2008
631,40,60,0,0,0,2008
632,72,28,0,0,0,2008
804,67,11,11,11,0,2008
656,40,60,0,0,0,2008
597,100,0,0,0,0,2008
675,37,63,0,0,0,2008
504,65,28,1,2,4,2008
753,53,34,4,3,6,2008
508,57,37,1,0,5,2008
820,37,54,1,5,3,2008
500,40,51,3,0,6,2008
552,0,100,0,0,0,2008
521,56,34,4,4,2,2008
717,50,50,0,0,0,2008
560,52,42,0,4,2,2008
764,25,50,25,0,0,2008
811,62,31,0,0,7,2008
556,41,47,0,3,9,2008
573,50,39,0,9,2,2008
611,16,74,5,0,5,2008
538,57,39,0,3,1,2008
610,37,63,0,0,0,2008
862,57,39,0,1,3,2008
576,82,18,0,0,0,2008
770,37,43,0,10,10,2008
661,0,100,0,0,0,2008
641,55,34,3,4,4,2008
825,50,34,10,1,5,2008
807,39,43,10,4,4,2008
855,57,39,0,0,4,2008
507,52,48,0,0,0,2008
819,47,42,1,3,7,2008
657,0,100,0,0,0,2008
612,53,47,0,0,0,2008
624,50,34,16,0,0,2008
725,42,53,0,0,5,2008
588,63,31,6,0,0,2008
881,50,50,0,0,0,2008
619,59,30,5,0,6,2008
543,60,40,0,0,0,2008
638,0,100,0,0,0,2008
609,45,47,2,2,4,2008
555,63,29,0,2,6,2008
530,53,37,5,0,5,2008
539,59,25,0,1,15,2008
581,0,100,0,0,0,2008
547,62,29,0,9,0,2008
605,60,20,0,0,20,2008
540,84,16,0,0,0,2008
531,35,60,0,0,5,2008
789,52,39,0,3,6,2008
671,36,40,0,4,20,2008
760,100,0,0,0,0,2008
709,56,28,6,5,5,2008
526,100,0,0,0,0,2008
626,0,0,0,0,0,2008
625,77,23,0,0,0,2008
511,53,34,5,4,4,2008
549,40,40,0,0,20,2008
705,25,67,0,0,8,2008
548,50,45,5,0,0,2008
554,75,25,0,0,0,2008
627,84,16,0,0,0,2008
678,40,50,0,0,10,2008
577,68,27,0,0,5,2008
550,82,9,0,9,0,2008
810,100,0,0,0,0,2008
536,67,20,0,7,6,2008
771,0,0,0,0,0,2008
596,67,33,0,0,0,2008
662,75,25,0,0,0,2009
525,16,84,0,0,0,2009
532,43,43,4,4,6,2009
790,58,33,0,0,9,2009
644,50,50,0,0,0,2009
583,0,0,0,0,0,2009
634,50,50,0,0,0,2009
743,35,50,5,0,10,2009
524,49,43,2,3,3,2009
520,59,33,0,0,8,2009
635,46,42,3,3,6,2009
800,100,0,0,0,0,2009
512,41,47,6,1,5,2009
537,40,50,10,0,0,2009
716,53,42,5,0,0,2009
692,67,33,0,0,0,2009
821,50,50,0,0,0,2009
756,33,67,0,0,0,2009
746,37,63,0,0,0,2009
502,47,48,5,0,0,2009
630,54,33,0,9,4,2009
559,0,100,0,0,0,2009
757,45,46,0,0,9,2009
506,41,49,3,2,5,2009
736,25,75,0,0,0,2009
514,45,46,0,3,6,2009
523,50,45,3,2,0,2009
754,50,50,0,0,0,2009
767,100,0,0,0,0,2009
637,20,70,0,0,10,2009
648,47,47,0,6,0,2009
519,40,60,0,0,0,2009
564,33,48,0,0,19,2009
517,59,34,1,2,4,2009
584,47,40,0,0,13,2009
575,50,40,5,0,5,2009
759,33,67,0,0,0,2009
602,43,45,3,3,6,2009
868,63,37,0,0,0,2009
515,44,44,2,6,4,2009
598,67,33,0,0,0,2009
510,49,41,1,2,7,2009
752,36,43,0,7,14,2009
546,53,44,0,0,3,2009
604,0,63,0,0,37,2009
522,60,40,0,0,0,2009
535,53,38,3,1,5,2009
673,25,75,0,0,0,2009
600,100,0,0,0,0,2009
623,46,44,4,3,3,2009
682,36,46,0,0,18,2009
542,39,54,0,3,4,2009
751,38,53,3,3,3,2009
679,11,77,0,4,8,2009
505,41,52,5,0,2,2009
606,14,86,0,0,0,2009
676,7,89,4,0,0,2009
765,86,14,0,0,0,2009
565,100,0,0,0,0,2009
516,50,50,0,0,0,2009
801,42,33,0,0,25,2009
802,0,0,0,0,0,2009
649,50,50,0,0,0,2009
745,0,0,0,0,0,2009
724,18,73,0,0,9,2009
513,44,49,2,3,2,2009
570,88,0,0,0,12,2009
866,64,28,4,0,4,2009
571,54,46,0,0,0,2009
670,57,29,14,0,0,2009
509,14,86,0,0,0,2009
592,33,61,6,0,0,2009
798,0,0,0,0,0,2009
773,0,0,0,0,0,2009
563,43,47,0,3,7,2009
755,100,0,0,0,0,2009
658,47,50,0,0,3,2009
518,48,46,3,3,0,2009
545,64,27,0,9,0,2009
567,44,44,4,2,6,2009
647,100,0,0,0,0,2009
636,67,33,0,0,0,2009
566,38,50,3,0,9,2009
569,67,33,0,0,0,2009
533,44,47,3,2,4,2009
710,50,50,0,0,0,2009
766,0,100,0,0,0,2009
744,44,44,0,6,6,2009
618,47,40,2,6,5,2009
691,36,55,9,0,0,2009
758,50,50,0,0,0,2009
527,42,48,3,0,7,2009
718,30,59,2,0,9,2009
639,50,50,0,0,0,2009
561,60,30,0,0,10,2009
574,53,37,0,5,5,2009
734,67,33,0,0,0,2009
603,27,27,0,0,46,2009
747,0,100,0,0,0,2009
616,46,38,1,3,12,2009
557,43,57,0,0,0,2009
702,20,80,0,0,0,2009
582,100,0,0,0,0,2009
642,30,70,0,0,0,2009
643,100,0,0,0,0,2009
551,20,60,0,0,20,2009
749,0,100,0,0,0,2009
839,67,26,5,0,2,2009
541,22,74,2,0,2,2009
558,38,50,12,0,0,2009
722,44,45,0,11,0,2009
693,47,50,0,0,3,2009
803,50,38,2,3,7,2009
529,49,44,0,1,6,2009
651,56,44,0,0,0,2009
503,63,37,0,0,0,2009
669,42,52,1,2,3,2009
737,16,84,0,0,0,2009
553,25,75,0,0,0,2009
813,60,20,20,0,0,2009
640,52,45,0,0,3,2009
711,0,0,0,0,0,2009
528,52,29,16,3,0,2009
617,44,52,0,0,4,2009
613,4,96,0,0,0,2009
687,8,84,0,0,8,2009
762,20,80,0,0,0,2009
686,45,49,0,3,3,2009
628,33,67,0,0,0,2009
828,38,50,0,0,12,2009
698,58,37,0,0,5,2009
659,53,40,0,4,3,2009
622,50,32,8,5,5,2009
501,43,38,4,6,9,2009
544,45,47,2,2,4,2009
740,0,0,0,0,0,2009
633,67,33,0,0,0,2009
650,44,46,2,2,6,2009
652,31,66,3,0,0,2009
534,49,35,3,0,13,2009
631,50,50,0,0,0,2009
632,37,38,0,0,25,2009
804,75,25,0,0,0,2009
656,40,60,0,0,0,2009
597,0,100,0,0,0,2009
675,0,50,0,0,50,2009
504,54,37,2,3,4,2009
753,36,54,3,5,2,2009
508,55,41,1,1,2,2009
820,50,39,1,7,3,2009
500,38,57,0,0,5,2009
552,0,0,0,0,0,2009
521,55,35,8,2,0,2009
717,0,100,0,0,0,2009
560,43,48,4,0,5,2009
764,25,75,0,0,0,2009
811,54,39,0,0,7,2009
556,36,55,0,3,6,2009
573,50,29,7,0,14,2009
611,19,77,0,0,4,2009
538,38,52,0,7,3,2009
610,25,50,0,0,25,2009
862,36,43,8,3,10,2009
576,67,33,0,0,0,2009
770,45,47,2,2,4,2009
661,50,50,0,0,0,2009
641,48,48,2,2,0,2009
825,54,37,5,1,3,2009
807,34,47,11,3,5,2009
855,55,35,0,0,10,2009
507,47,47,0,0,6,2009
819,49,40,2,4,5,2009
657,33,67,0,0,0,2009
612,40,60,0,0,0,2009
624,40,40,20,0,0,2009
725,30,60,0,0,10,2009
588,23,71,0,0,6,2009
881,53,42,5,0,0,2009
619,30,35,10,0,25,2009
543,50,44,0,6,0,2009
638,0,100,0,0,0,2009
609,38,51,2,1,8,2009
555,42,48,2,2,6,2009
530,27,61,6,0,6,2009
539,51,37,0,2,10,2009
581,50,26,12,0,12,2009
547,50,45,5,0,0,2009
605,28,58,0,0,14,2009
540,84,16,0,0,0,2009
531,54,38,0,0,8,2009
789,50,39,0,8,3,2009
671,47,36,0,0,17,2009
760,0,0,0,0,0,2009
709,48,36,0,8,8,2009
526,67,33,0,0,0,2009
626,33,34,33,0,0,2009
625,48,52,0,0,0,2009
511,38,44,9,3,6,2009
549,75,25,0,0,0,2009
705,33,56,0,0,11,2009
548,62,29,0,3,6,2009
554,60,40,0,0,0,2009
627,25,75,0,0,0,2009
678,43,37,10,0,10,2009
577,54,30,2,3,11,2009
550,54,39,0,0,7,2009
810,79,14,0,7,0,2009
536,75,25,0,0,0,2009
771,0,0,0,0,0,2009
596,0,100,0,0,0,2009
662,100,0,0,0,0,2010
525,27,46,9,0,18,2010
532,44,46,1,6,3,2010
790,47,31,7,15,0,2010
644,100,0,0,0,0,2010
583,0,0,0,0,0,2010
634,50,16,17,17,0,2010
743,48,52,0,0,0,2010
524,41,47,2,4,6,2010
520,50,50,0,0,0,2010
635,40,50,1,3,6,2010
800,80,0,0,20,0,2010
512,49,40,5,2,4,2010
537,57,43,0,0,0,2010
716,57,40,0,3,0,2010
692,27,73,0,0,0,2010
821,0,100,0,0,0,2010
756,43,57,0,0,0,2010
746,67,33,0,0,0,2010
502,45,55,0,0,0,2010
630,50,37,0,2,11,2010
559,100,0,0,0,0,2010
757,25,60,5,0,10,2010
506,43,47,2,4,4,2010
736,63,12,13,0,12,2010
514,47,36,2,5,10,2010
523,54,38,5,3,0,2010
754,0,0,0,0,0,2010
767,0,100,0,0,0,2010
637,16,63,0,0,21,2010
648,29,71,0,0,0,2010
519,42,50,0,0,8,2010
564,60,30,0,3,7,2010
517,41,51,2,3,3,2010
584,59,41,0,0,0,2010
575,36,51,0,4,9,2010
759,50,50,0,0,0,2010
602,36,56,2,2,4,2010
868,55,45,0,0,0,2010
515,53,42,3,0,2,2010
598,20,60,20,0,0,2010
510,48,46,0,3,3,2010
752,20,74,6,0,0,2010
546,23,66,3,5,3,2010
604,12,63,12,0,13,2010
522,33,67,0,0,0,2010
535,45,47,4,1,3,2010
673,33,67,0,0,0,2010
600,30,40,0,0,30,2010
623,44,43,3,4,6,2010
682,20,80,0,0,0,2010
542,47,47,3,3,0,2010
751,33,57,2,4,4,2010
679,9,86,0,0,5,2010
505,41,51,2,4,2,2010
606,33,67,0,0,0,2010
676,14,83,0,0,3,2010
765,18,64,0,9,9,2010
565,50,50,0,0,0,2010
516,50,50,0,0,0,2010
801,53,47,0,0,0,2010
802,0,0,0,0,0,2010
649,28,58,14,0,0,2010
745,100,0,0,0,0,2010
724,14,82,0,0,4,2010
513,42,49,2,0,7,2010
570,55,45,0,0,0,2010
866,35,48,0,6,11,2010
571,33,62,0,0,5,2010
670,47,53,0,0,0,2010
509,25,63,12,0,0,2010
592,25,67,0,0,8,2010
798,0,0,0,0,0,2010
773,100,0,0,0,0,2010
563,35,57,2,6,0,2010
755,0,100,0,0,0,2010
658,30,48,6,11,5,2010
518,42,48,2,5,3,2010
545,41,36,5,0,18,2010
567,38,59,0,0,3,2010
647,100,0,0,0,0,2010
636,38,12,12,12,26,2010
566,56,36,6,2,0,2010
569,75,0,0,25,0,2010
533,49,43,3,2,3,2010
710,100,0,0,0,0,2010
766,0,100,0,0,0,2010
744,29,50,0,0,21,2010
618,48,42,2,4,4,2010
691,50,45,0,0,5,2010
758,60,20,0,0,20,2010
527,38,58,1,3,0,2010
718,39,46,5,0,10,2010
639,33,67,0,0,0,2010
561,37,54,3,3,3,2010
574,44,56,0,0,0,2010
734,0,100,0,0,0,2010
603,46,27,0,0,27,2010
747,50,50,0,0,0,2010
616,44,45,1,3,7,2010
557,35,53,6,0,6,2010
702,22,76,0,0,2,2010
582,67,0,33,0,0,2010
642,69,31,0,0,0,2010
643,80,20,0,0,0,2010
551,36,46,0,0,18,2010
749,0,100,0,0,0,2010
839,56,36,4,0,4,2010
541,27,69,0,2,2,2010
558,25,75,0,0,0,2010
722,37,53,5,5,0,2010
693,24,56,5,6,9,2010
803,46,42,3,4,5,2010
529,51,45,0,3,1,2010
651,39,54,0,0,7,2010
503,67,25,0,0,8,2010
669,26,64,1,3,6,2010
737,16,84,0,0,0,2010
553,70,30,0,0,0,2010
813,42,50,0,0,8,2010
640,24,73,0,0,3,2010
711,0,0,0,0,0,2010
528,44,36,9,0,11,2010
617,33,57,1,3,6,2010
613,3,97,0,0,0,2010
687,21,65,0,0,14,2010
762,100,0,0,0,0,2010
686,43,48,5,0,4,2010
628,0,100,0,0,0,2010
828,18,73,0,9,0,2010
698,47,48,0,0,5,2010
659,41,52,2,3,2,2010
622,36,50,7,0,7,2010
501,46,39,3,4,8,2010
544,46,50,2,0,2,2010
740,0,0,0,0,0,2010
633,0,0,0,0,0,2010
650,51,35,5,0,9,2010
652,30,59,0,5,6,2010
534,49,40,2,3,6,2010
631,33,67,0,0,0,2010
632,15,70,8,0,7,2010
804,20,60,0,20,0,2010
656,44,56,0,0,0,2010
597,0,0,0,0,0,2010
675,27,60,0,0,13,2010
504,49,42,3,3,3,2010
753,42,42,4,3,9,2010
508,49,44,3,1,3,2010
820,40,51,2,2,5,2010
500,39,53,0,2,6,2010
552,0,0,0,0,0,2010
521,44,47,5,0,4,2010
717,75,25,0,0,0,2010
560,52,42,2,0,4,2010
764,43,43,0,0,14,2010
811,35,60,0,0,5,2010
556,38,53,0,3,6,2010
573,56,39,0,5,0,2010
611,22,78,0,0,0,2010
538,33,56,1,5,5,2010
610,40,60,0,0,0,2010
862,47,40,2,4,7,2010
576,20,80,0,0,0,2010
770,30,46,6,4,14,2010
661,0,100,0,0,0,2010
641,41,52,0,5,2,2010
825,38,46,4,4,8,2010
807,28,49,13,5,5,2010
855,41,59,0,0,0,2010
507,50,43,0,0,7,2010
819,51,39,0,6,4,2010
657,100,0,0,0,0,2010
612,61,28,0,0,11,2010
624,40,50,0,0,10,2010
725,26,71,0,0,3,2010
588,45,40,0,0,15,2010
881,48,40,4,4,4,2010
619,29,53,0,4,14,2010
543,38,50,0,0,12,2010
638,0,80,20,0,0,2010
609,41,51,1,1,6,2010
555,47,47,0,2,4,2010
530,41,42,0,0,17,2010
539,37,50,3,1,9,2010
581,76,12,0,0,12,2010
547,47,37,3,13,0,2010
605,37,38,0,6,19,2010
540,0,100,0,0,0,2010
531,45,46,9,0,0,2010
789,58,24,10,4,4,2010
671,47,37,0,0,16,2010
760,0,0,0,0,0,2010
709,46,46,4,4,0,2010
526,0,100,0,0,0,2010
626,100,0,0,0,0,2010
625,37,55,0,4,4,2010
511,43,41,7,4,5,2010
549,0,0,0,0,0,2010
705,36,64,0,0,0,2010
548,64,26,4,3,3,2010
554,67,33,0,0,0,2010
627,80,20,0,0,0,2010
678,28,45,0,5,22,2010
577,53,41,4,0,2,2010
550,39,47,0,7,7,2010
810,46,54,0,0,0,2010
536,69,31,0,0,0,2010
771,0,100,0,0,0,2010
596,0,100,0,0,0,2010
662,49,46,2,1,2,2011
525,33,67,0,0,0,2011
532,39,52,1,6,2,2011
790,32,48,3,14,3,2011
644,57,43,0,0,0,2011
583,0,0,0,0,0,2011
634,41,40,13,0,6,2011
743,39,48,5,0,8,2011
524,51,41,2,1,5,2011
520,41,52,4,0,3,2011
635,50,40,4,2,4,2011
800,62,31,7,0,0,2011
512,43,47,3,2,5,2011
537,42,36,11,0,11,2011
716,51,43,2,4,0,2011
692,63,37,0,0,0,2011
821,0,80,20,0,0,2011
756,45,55,0,0,0,2011
746,60,30,10,0,0,2011
502,50,45,5,0,0,2011
630,49,45,3,2,1,2011
559,40,50,10,0,0,2011
757,36,39,2,9,14,2011
506,40,47,4,5,4,2011
736,47,47,6,0,0,2011
514,37,55,2,4,2,2011
523,40,44,6,1,9,2011
754,57,43,0,0,0,2011
767,67,33,0,0,0,2011
637,24,53,1,6,16,2011
648,48,49,3,0,0,2011
519,43,47,2,6,2,2011
564,46,51,1,0,2,2011
517,44,47,4,1,4,2011
584,33,59,4,0,4,2011
575,56,37,2,2,3,2011
759,60,40,0,0,0,2011
602,46,46,2,3,3,2011
868,39,61,0,0,0,2011
515,48,48,1,2,1,2011
598,54,46,0,0,0,2011
510,51,42,3,1,3,2011
752,37,45,2,2,14,2011
546,40,54,1,1,4,2011
604,20,70,10,0,0,2011
522,41,56,0,0,3,2011
535,48,46,2,1,3,2011
673,25,75,0,0,0,2011
600,54,20,6,6,14,2011
623,54,33,5,3,5,2011
682,32,60,0,0,8,2011
542,59,35,2,4,0,2011
751,45,44,5,2,4,2011
679,25,68,3,1,3,2011
505,37,53,3,2,5,2011
606,69,31,0,0,0,2011
676,23,74,0,0,3,2011
765,48,35,17,0,0,2011
565,29,57,0,0,14,2011
516,47,53,0,0,0,2011
801,46,35,2,2,15,2011
802,43,43,14,0,0,2011
649,37,53,2,0,8,2011
745,50,50,0,0,0,2011
724,21,70,0,0,9,2011
513,36,48,2,8,6,2011
570,47,44,0,6,3,2011
866,49,37,9,2,3,2011
571,49,39,1,5,6,2011
670,35,53,0,4,8,2011
509,59,33,0,0,8,2011
592,44,46,2,6,2,2011
798,0,0,0,0,0,2011
773,60,40,0,0,0,2011
563,40,49,5,4,2,2011
755,100,0,0,0,0,2011
658,31,63,3,0,3,2011
518,53,38,2,0,7,2011
545,36,43,0,14,7,2011
567,34,57,0,3,6,2011
647,100,0,0,0,0,2011
636,46,37,9,4,4,2011
566,49,46,3,1,1,2011
569,27,67,0,6,0,2011
533,43,48,0,4,5,2011
710,59,29,12,0,0,2011
766,0,0,0,0,0,2011
744,54,40,6,0,0,2011
618,51,37,3,3,6,2011
691,46,52,0,0,2,2011
758,67,33,0,0,0,2011
527,41,53,4,1,1,2011
718,49,45,0,0,6,2011
639,36,64,0,0,0,2011
561,38,52,1,4,5,2011
574,53,39,2,2,4,2011
734,55,45,0,0,0,2011
603,27,27,0,0,46,2011
747,84,16,0,0,0,2011
616,36,58,1,2,3,2011
557,36,59,3,1,1,2011
702,10,85,1,0,4,2011
582,63,37,0,0,0,2011
642,50,46,0,4,0,2011
643,43,57,0,0,0,2011
551,46,52,2,0,0,2011
749,67,0,33,0,0,2011
839,46,40,9,1,4,2011
541,33,60,2,1,4,2011
558,57,43,0,0,0,2011
722,36,60,0,0,4,2011
693,34,56,4,0,6,2011
803,52,36,4,4,4,2011
529,48,45,4,2,1,2011
651,30,50,20,0,0,2011
503,38,52,2,0,8,2011
669,28,59,3,4,6,2011
737,6,89,5,0,0,2011
553,38,56,6,0,0,2011
813,36,57,0,0,7,2011
640,54,42,1,2,1,2011
711,67,33,0,0,0,2011
528,47,34,6,5,8,2011
617,41,48,5,4,2,2011
613,5,95,0,0,0,2011
687,36,46,9,0,9,2011
762,64,36,0,0,0,2011
686,45,40,9,2,4,2011
628,38,62,0,0,0,2011
828,49,46,0,0,5,2011
698,43,57,0,0,0,2011
659,43,48,3,1,5,2011
622,51,36,7,1,5,2011
501,48,37,5,4,6,2011
544,54,37,0,2,7,2011
740,0,0,0,0,0,2011
633,69,31,0,0,0,2011
650,48,46,0,3,3,2011
652,20,78,1,1,0,2011
534,45,44,3,2,6,2011
631,36,64,0,0,0,2011
632,46,51,1,0,2,2011
804,47,46,0,7,0,2011
656,58,42,0,0,0,2011
597,67,33,0,0,0,2011
675,37,51,1,0,11,2011
504,54,34,5,3,4,2011
753,51,36,5,5,3,2011
508,55,42,0,1,2,2011
820,39,55,2,1,3,2011
500,19,73,3,5,0,2011
552,0,0,0,0,0,2011
521,53,39,1,1,6,2011
717,27,64,9,0,0,2011
560,42,49,3,2,4,2011
764,16,84,0,0,0,2011
811,37,63,0,0,0,2011
556,56,38,3,1,2,2011
573,40,53,1,3,3,2011
611,12,77,0,0,11,2011
538,48,41,5,3,3,2011
610,54,41,5,0,0,2011
862,43,47,5,1,4,2011
576,54,41,0,0,5,2011
770,43,41,4,0,12,2011
661,37,63,0,0,0,2011
641,46,42,4,4,4,2011
825,39,44,4,3,10,2011
807,41,44,6,4,5,2011
855,57,39,2,2,0,2011
507,41,46,5,2,6,2011
819,43,48,4,2,3,2011
657,62,23,15,0,0,2011
612,38,46,0,4,12,2011
624,25,75,0,0,0,2011
725,25,58,10,0,7,2011
588,34,60,6,0,0,2011
881,51,36,5,5,3,2011
619,29,54,3,1,13,2011
543,34,56,5,0,5,2011
638,33,67,0,0,0,2011
609,36,58,3,2,1,2011
555,54,45,0,0,1,2011
530,47,32,2,0,19,2011
539,46,37,4,4,9,2011
581,20,80,0,0,0,2011
547,46,48,0,3,3,2011
605,38,53,6,3,0,2011
540,38,58,0,0,4,2011
531,39,53,0,0,8,2011
789,34,56,2,6,2,2011
671,42,45,2,1,10,2011
760,50,50,0,0,0,2011
709,63,33,0,4,0,2011
526,54,46,0,0,0,2011
626,25,75,0,0,0,2011
625,42,48,1,6,3,2011
511,47,39,4,3,7,2011
549,37,63,0,0,0,2011
705,38,56,0,0,6,2011
548,49,38,4,1,8,2011
554,70,30,0,0,0,2011
627,50,50,0,0,0,2011
678,53,38,2,5,2,2011
577,44,37,0,3,16,2011
550,50,46,0,4,0,2011
810,43,57,0,0,0,2011
536,51,31,7,3,8,2011
771,25,37,0,0,38,2011
596,0,100,0,0,0,2011
662,37,56,3,2,2,2012
525,47,46,7,0,0,2012
532,39,55,1,3,2,2012
790,39,40,9,7,5,2012
644,30,70,0,0,0,2012
583,0,0,0,0,0,2012
634,45,39,0,16,0,2012
743,34,50,11,0,5,2012
524,49,43,2,2,4,2012
520,45,44,11,0,0,2012
635,39,43,7,3,8,2012
800,39,53,4,0,4,2012
512,44,46,2,2,6,2012
537,25,63,6,0,6,2012
716,45,49,4,1,1,2012
692,50,42,0,8,0,2012
821,50,50,0,0,0,2012
756,70,30,0,0,0,2012
746,50,50,0,0,0,2012
502,48,44,0,0,8,2012
630,43,49,0,1,7,2012
559,39,50,11,0,0,2012
757,55,21,4,4,16,2012
506,43,48,2,4,3,2012
736,65,28,0,0,7,2012
514,54,38,4,1,3,2012
523,28,66,2,0,4,2012
754,0,100,0,0,0,2012
767,100,0,0,0,0,2012
637,36,49,2,1,12,2012
648,38,49,3,6,4,2012
519,36,57,0,4,3,2012
564,38,58,0,0,4,2012
517,45,47,2,2,4,2012
584,33,56,0,0,11,2012
575,39,59,0,0,2,2012
759,0,89,11,0,0,2012
602,38,54,3,2,3,2012
868,57,36,7,0,0,2012
515,55,36,2,3,4,2012
598,14,86,0,0,0,2012
510,46,48,2,1,3,2012
752,41,39,10,8,2,2012
546,37,55,0,3,5,2012
604,42,52,0,0,6,2012
522,43,47,7,0,3,2012
535,43,51,3,2,1,2012
673,50,45,5,0,0,2012
600,77,12,0,0,11,2012
623,52,38,4,3,3,2012
682,38,51,4,0,7,2012
542,39,54,3,1,3,2012
751,29,63,3,2,3,2012
679,17,74,3,2,4,2012
505,49,42,4,1,4,2012
606,44,50,6,0,0,2012
676,21,79,0,0,0,2012
765,56,33,11,0,0,2012
565,20,80,0,0,0,2012
516,45,55,0,0,0,2012
801,41,43,2,0,14,2012
802,33,67,0,0,0,2012
649,37,63,0,0,0,2012
745,16,84,0,0,0,2012
724,27,68,1,0,4,2012
513,34,61,0,2,3,2012
570,53,45,2,0,0,2012
866,54,33,4,5,4,2012
571,43,53,0,1,3,2012
670,40,45,2,2,11,2012
509,52,45,3,0,0,2012
592,29,50,9,6,6,2012
798,0,0,0,0,0,2012
773,67,33,0,0,0,2012
563,38,56,1,1,4,2012
755,50,50,0,0,0,2012
658,40,57,0,2,1,2012
518,47,47,2,4,0,2012
545,56,34,2,0,8,2012
567,46,45,2,3,4,2012
647,29,57,14,0,0,2012
636,36,30,17,0,17,2012
566,46,45,1,2,6,2012
569,34,62,4,0,0,2012
533,44,49,2,3,2,2012
710,73,27,0,0,0,2012
766,0,0,0,0,0,2012
744,38,41,2,8,11,2012
618,51,39,4,2,4,2012
691,39,55,2,2,2,2012
758,46,36,0,0,18,2012
527,41,52,2,3,2,2012
718,43,53,1,0,3,2012
639,36,64,0,0,0,2012
561,47,40,1,5,7,2012
574,42,53,0,2,3,2012
734,67,33,0,0,0,2012
603,20,50,0,0,30,2012
747,33,67,0,0,0,2012
616,37,56,2,4,1,2012
557,44,48,0,3,5,2012
702,14,82,1,0,3,2012
582,46,50,4,0,0,2012
642,53,47,0,0,0,2012
643,43,50,0,0,7,2012
551,30,60,4,1,5,2012
749,0,0,100,0,0,2012
839,48,37,6,1,8,2012
541,38,58,1,0,3,2012
558,10,90,0,0,0,2012
722,23,64,10,0,3,2012
693,50,42,1,1,6,2012
803,49,37,4,4,6,2012
529,47,44,3,1,5,2012
651,61,39,0,0,0,2012
503,64,36,0,0,0,2012
669,34,59,2,0,5,2012
737,15,85,0,0,0,2012
553,33,67,0,0,0,2012
813,56,44,0,0,0,2012
640,46,51,0,0,3,2012
711,50,50,0,0,0,2012
528,53,29,8,4,6,2012
617,37,52,8,1,2,2012
613,4,96,0,0,0,2012
687,42,53,0,0,5,2012
762,25,75,0,0,0,2012
686,48,45,4,1,2,2012
628,17,67,16,0,0,2012
828,38,49,7,6,0,2012
698,65,28,0,0,7,2012
659,42,49,2,1,6,2012
622,54,39,2,2,3,2012
501,47,37,4,4,8,2012
544,47,41,5,5,2,2012
740,0,0,0,0,0,2012
633,58,32,5,0,5,2012
650,43,53,0,0,4,2012
652,29,67,2,1,1,2012
534,48,41,2,3,6,2012
631,20,60,10,0,10,2012
632,39,57,1,0,3,2012
804,74,26,0,0,0,2012
656,55,45,0,0,0,2012
597,33,67,0,0,0,2012
675,29,53,5,0,13,2012
504,51,37,4,4,4,2012
753,45,43,4,5,3,2012
508,51,41,5,2,1,2012
820,37,55,2,2,4,2012
500,33,62,0,2,3,2012
552,0,100,0,0,0,2012
521,50,39,1,4,6,2012
717,36,64,0,0,0,2012
560,43,47,2,3,5,2012
764,30,59,5,0,6,2012
811,44,52,0,2,2,2012
556,46,47,0,2,5,2012
573,35,52,5,5,3,2012
611,15,76,0,0,9,2012
538,44,44,4,3,5,2012
610,34,62,0,0,4,2012
862,43,49,2,4,2,2012
576,52,48,0,0,0,2012
770,37,44,5,6,8,2012
661,50,50,0,0,0,2012
641,58,33,1,3,5,2012
825,42,46,5,1,6,2012
807,39,46,5,3,7,2012
855,43,48,3,6,0,2012
507,55,43,2,0,0,2012
819,40,52,4,1,3,2012
657,67,33,0,0,0,2012
612,31,54,0,6,9,2012
624,36,60,4,0,0,2012
725,21,65,2,0,12,2012
588,41,53,2,0,4,2012
881,42,44,4,6,4,2012
619,26,61,0,0,13,2012
543,49,43,3,1,4,2012
638,67,33,0,0,0,2012
609,39,54,1,2,4,2012
555,45,46,3,4,2,2012
530,36,44,2,0,18,2012
539,45,41,2,2,10,2012
581,44,50,0,0,6,2012
547,36,61,3,0,0,2012
605,41,41,6,3,9,2012
540,39,61,0,0,0,2012
531,52,46,2,0,0,2012
789,38,46,6,6,4,2012
671,43,40,1,1,15,2012
760,50,50,0,0,0,2012
709,31,61,0,4,4,2012
526,47,47,6,0,0,2012
626,50,50,0,0,0,2012
625,45,50,1,1,3,2012
511,49,42,3,3,3,2012
549,55,45,0,0,0,2012
705,39,61,0,0,0,2012
548,55,33,3,4,5,2012
554,50,38,0,12,0,2012
627,46,45,9,0,0,2012
678,31,56,1,3,9,2012
577,40,42,0,3,15,2012
550,43,57,0,0,0,2012
810,53,47,0,0,0,2012
536,63,25,5,2,5,2012
771,43,14,29,0,14,2012
596,0,100,0,0,0,2012
662,58,28,0,7,7,2013
525,56,39,0,0,5,2013
532,41,43,5,10,1,2013
790,50,35,5,6,4,2013
644,50,50,0,0,0,2013
583,0,0,0,0,0,2013
634,25,75,0,0,0,2013
743,39,61,0,0,0,2013
524,51,39,4,2,4,2013
520,48,39,2,0,11,2013
635,45,42,2,3,8,2013
800,56,34,0,3,7,2013
512,44,47,2,4,3,2013
537,37,63,0,0,0,2013
716,57,41,1,0,1,2013
692,33,67,0,0,0,2013
821,67,33,0,0,0,2013
756,46,54,0,0,0,2013
746,58,42,0,0,0,2013
502,42,49,6,0,3,2013
630,41,48,2,2,7,2013
559,38,56,6,0,0,2013
757,39,45,9,2,5,2013
506,42,48,4,3,3,2013
736,45,49,3,0,3,2013
514,47,43,3,2,5,2013
523,37,53,5,1,4,2013
754,50,42,8,0,0,2013
767,100,0,0,0,0,2013
637,29,54,3,0,14,2013
648,35,61,1,0,3,2013
519,40,56,0,0,4,2013
564,40,57,2,0,1,2013
517,49,42,2,1,6,2013
584,27,69,4,0,0,2013
575,36,58,4,2,0,2013
759,16,84,0,0,0,2013
602,42,48,3,3,4,2013
868,50,50,0,0,0,2013
515,41,48,5,2,4,2013
598,43,57,0,0,0,2013
510,52,43,2,1,2,2013
752,44,46,4,3,3,2013
546,49,45,1,1,4,2013
604,32,50,0,0,18,2013
522,62,35,0,0,3,2013
535,45,46,5,2,2,2013
673,50,41,3,0,6,2013
600,58,37,5,0,0,2013
623,52,38,4,2,4,2013
682,36,63,0,0,1,2013
542,54,43,1,1,1,2013
751,43,48,3,3,3,2013
679,14,75,2,0,9,2013
505,38,54,2,2,4,2013
606,61,32,7,0,0,2013
676,17,81,1,0,1,2013
765,47,34,10,3,6,2013
565,50,50,0,0,0,2013
516,67,33,0,0,0,2013
801,34,60,2,2,2,2013
802,53,47,0,0,0,2013
649,42,47,9,0,2,2013
745,70,30,0,0,0,2013
724,27,67,5,0,1,2013
513,29,63,3,2,3,2013
570,51,45,0,4,0,2013
866,29,51,14,3,3,2013
571,36,44,5,3,12,2013
670,35,44,2,0,19,2013
509,31,65,2,0,2,2013
592,33,53,6,4,4,2013
798,0,0,0,0,0,2013
773,50,50,0,0,0,2013
563,37,58,2,2,1,2013
755,33,67,0,0,0,2013
658,34,64,0,1,1,2013
518,50,40,2,4,4,2013
545,42,43,5,3,7,2013
567,35,60,1,4,0,2013
647,86,14,0,0,0,2013
636,51,30,11,0,8,2013
566,45,45,4,0,6,2013
569,56,33,11,0,0,2013
533,42,49,1,6,2,2013
710,55,39,6,0,0,2013
766,0,100,0,0,0,2013
744,36,52,4,4,4,2013
618,52,38,4,3,3,2013
691,51,41,1,0,7,2013
758,18,55,0,0,27,2013
527,41,49,3,1,6,2013
718,40,57,2,0,1,2013
639,64,36,0,0,0,2013
561,59,33,0,4,4,2013
574,33,61,2,0,4,2013
734,26,74,0,0,0,2013
603,31,30,0,0,39,2013
747,67,33,0,0,0,2013
616,33,60,2,0,5,2013
557,40,55,0,0,5,2013
702,15,81,2,0,2,2013
582,30,70,0,0,0,2013
642,54,31,3,3,9,2013
643,75,25,0,0,0,2013
551,48,46,2,0,4,2013
749,50,25,25,0,0,2013
839,54,34,6,3,3,2013
541,38,55,0,3,4,2013
558,25,75,0,0,0,2013
722,35,60,0,5,0,2013
693,37,57,1,1,4,2013
803,50,35,7,4,4,2013
529,50,46,2,1,1,2013
651,61,31,0,0,8,2013
503,49,31,10,0,10,2013
669,28,61,3,2,6,2013
737,11,89,0,0,0,2013
553,45,55,0,0,0,2013
813,30,65,0,0,5,2013
640,44,47,3,2,4,2013
711,37,63,0,0,0,2013
528,51,29,9,3,8,2013
617,39,54,2,1,4,2013
613,4,96,0,0,0,2013
687,34,62,0,0,4,2013
762,53,47,0,0,0,2013
686,43,45,1,3,8,2013
628,48,33,19,0,0,2013
828,49,42,3,0,6,2013
698,43,39,3,0,15,2013
659,45,45,3,1,6,2013
622,54,38,5,2,1,2013
501,46,37,5,6,6,2013
544,53,33,6,3,5,2013
740,0,0,0,0,0,2013
633,54,31,15,0,0,2013
650,48,45,2,1,4,2013
652,33,62,2,1,2,2013
534,50,36,4,3,7,2013
631,14,58,14,0,14,2013
632,52,45,0,0,3,2013
804,40,60,0,0,0,2013
656,50,44,6,0,0,2013
597,63,37,0,0,0,2013
675,41,41,1,0,17,2013
504,53,35,3,4,5,2013
753,47,39,6,3,5,2013
508,49,43,3,2,3,2013
820,37,48,11,1,3,2013
500,35,59,0,2,4,2013
552,0,100,0,0,0,2013
521,41,50,2,1,6,2013
717,37,63,0,0,0,2013
560,42,50,3,2,3,2013
764,46,45,0,0,9,2013
811,51,41,2,2,4,2013
556,48,45,3,2,2,2013
573,43,57,0,0,0,2013
611,20,78,2,0,0,2013
538,42,51,1,3,3,2013
610,55,41,0,0,4,2013
862,45,44,3,1,7,2013
576,48,42,5,0,5,2013
770,40,45,3,4,8,2013
661,63,37,0,0,0,2013
641,46,39,7,3,5,2013
825,47,42,6,3,2,2013
807,40,43,3,2,12,2013
855,45,43,8,2,2,2013
507,56,41,1,1,1,2013
819,40,51,4,2,3,2013
657,40,60,0,0,0,2013
612,35,53,8,0,4,2013
624,27,73,0,0,0,2013
725,31,68,0,0,1,2013
588,55,45,0,0,0,2013
881,47,43,5,1,4,2013
619,30,50,2,1,17,2013
543,41,38,4,13,4,2013
638,12,88,0,0,0,2013
609,35,56,1,1,7,2013
555,32,52,5,6,5,2013
530,46,34,2,4,14,2013
539,53,33,3,2,9,2013
581,49,48,0,0,3,2013
547,37,57,2,1,3,2013
605,32,47,6,6,9,2013
540,38,53,3,0,6,2013
531,45,52,0,0,3,2013
789,38,50,4,3,5,2013
671,45,48,0,0,7,2013
760,55,36,9,0,0,2013
709,31,62,2,0,5,2013
526,54,39,7,0,0,2013
626,20,60,20,0,0,2013
625,42,42,4,7,5,2013
511,51,36,5,3,5,2013
549,43,43,7,0,7,2013
705,20,75,0,0,5,2013
548,53,32,7,2,6,2013
554,33,61,0,6,0,2013
627,59,36,5,0,0,2013
678,54,41,1,2,2,2013
577,37,48,0,4,11,2013
550,44,50,0,0,6,2013
810,30,52,12,3,3,2013
536,47,51,2,0,0,2013
771,50,40,10,0,0,2013
596,50,50,0,0,0,2013
662,40,54,6,0,0,2014
525,56,44,0,0,0,2014
532,46,43,2,3,6,2014
790,31,49,12,6,2,2014
644,62,38,0,0,0,2014
583,0,0,0,0,0,2014
634,37,49,8,3,3,2014
743,44,52,4,0,0,2014
524,46,45,5,1,3,2014
520,46,51,1,0,2,2014
635,41,43,7,4,5,2014
800,58,29,0,3,10,2014
512,42,42,7,4,5,2014
537,29,71,0,0,0,2014
716,31,53,5,7,4,2014
692,64,36,0,0,0,2014
821,40,60,0,0,0,2014
756,39,50,11,0,0,2014
746,56,33,11,0,0,2014
502,63,34,0,0,3,2014
630,52,41,1,0,6,2014
559,37,58,5,0,0,2014
757,47,41,4,4,4,2014
506,35,53,4,4,4,2014
736,55,40,3,0,2,2014
514,62,31,3,1,3,2014
523,32,65,0,2,1,2014
754,16,67,17,0,0,2014
767,33,67,0,0,0,2014
637,21,60,3,1,15,2014
648,36,52,2,7,3,2014
519,34,51,4,5,6,2014
564,33,61,5,1,0,2014
517,47,45,4,0,4,2014
584,32,68,0,0,0,2014
575,39,53,1,0,7,2014
759,43,57,0,0,0,2014
602,39,50,4,3,4,2014
868,32,58,7,0,3,2014
515,48,48,3,0,1,2014
598,27,73,0,0,0,2014
510,44,48,3,2,3,2014
752,47,43,2,4,4,2014
546,56,42,1,0,1,2014
604,22,62,3,0,13,2014
522,45,52,0,0,3,2014
535,34,58,4,1,3,2014
673,38,56,1,0,5,2014
600,53,37,0,0,10,2014
623,48,41,4,2,5,2014
682,35,62,0,0,3,2014
542,45,53,1,1,0,2014
751,35,56,6,1,2,2014
679,17,74,1,1,7,2014
505,37,54,4,2,3,2014
606,53,47,0,0,0,2014
676,18,78,3,0,1,2014
765,38,38,16,4,4,2014
565,62,38,0,0,0,2014
516,42,56,2,0,0,2014
801,37,47,4,2,10,2014
802,50,38,12,0,0,2014
649,45,50,0,0,5,2014
745,50,50,0,0,0,2014
724,30,66,2,0,2,2014
513,40,54,3,0,3,2014
570,41,53,1,1,4,2014
866,37,46,8,4,5,2014
571,46,37,6,1,10,2014
670,40,51,1,3,5,2014
509,38,55,7,0,0,2014
592,28,64,2,2,4,2014
798,0,0,0,0,0,2014
773,50,50,0,0,0,2014
563,39,51,6,0,4,2014
755,0,100,0,0,0,2014
658,37,52,5,0,6,2014
518,53,34,4,3,6,2014
545,27,60,2,3,8,2014
567,37,55,3,0,5,2014
647,0,100,0,0,0,2014
636,38,19,28,6,9,2014
566,45,41,7,3,4,2014
569,47,43,3,7,0,2014
533,41,49,4,3,3,2014
710,54,37,1,0,8,2014
766,0,100,0,0,0,2014
744,47,45,2,1,5,2014
618,46,39,8,3,4,2014
691,47,50,1,1,1,2014
758,63,25,0,0,12,2014
527,46,45,4,1,4,2014
718,45,50,0,0,5,2014
639,18,76,6,0,0,2014
561,48,40,5,6,1,2014
574,57,39,0,0,4,2014
734,40,60,0,0,0,2014
603,22,30,0,0,48,2014
747,0,0,0,0,0,2014
616,29,61,4,2,4,2014
557,36,56,2,1,5,2014
702,21,77,0,0,2,2014
582,55,45,0,0,0,2014
642,49,28,6,3,14,2014
643,50,50,0,0,0,2014
551,43,53,0,0,4,2014
749,45,33,22,0,0,2014
839,47,44,6,1,2,2014
541,36,58,1,2,3,2014
558,31,69,0,0,0,2014
722,25,61,3,1,10,2014
693,48,43,4,1,4,2014
803,47,38,8,3,4,2014
529,46,48,1,1,4,2014
651,60,35,5,0,0,2014
503,47,43,0,0,10,2014
669,27,58,6,2,7,2014
737,5,95,0,0,0,2014
553,63,37,0,0,0,2014
813,50,50,0,0,0,2014
640,47,45,2,0,6,2014
711,80,20,0,0,0,2014
528,43,35,11,4,7,2014
617,33,56,5,3,3,2014
613,3,97,0,0,0,2014
687,20,67,3,0,10,2014
762,44,52,4,0,0,2014
686,48,43,5,0,4,2014
628,45,46,9,0,0,2014
828,44,44,4,4,4,2014
698,56,38,3,0,3,2014
659,41,49,3,2,5,2014
622,59,33,2,1,5,2014
501,44,38,6,5,7,2014
544,45,44,3,0,8,2014
740,0,0,0,0,0,2014
633,61,27,6,0,6,2014
650,44,42,5,2,7,2014
652,30,62,4,1,3,2014
534,48,38,4,3,7,2014
631,24,72,0,0,4,2014
632,43,52,1,0,4,2014
804,57,36,0,7,0,2014
656,36,50,14,0,0,2014
597,27,73,0,0,0,2014
675,37,47,0,0,16,2014
504,42,48,4,3,3,2014
753,41,44,7,3,5,2014
508,45,45,4,1,5,2014
820,33,56,7,1,3,2014
500,28,59,6,4,3,2014
552,0,100,0,0,0,2014
521,35,54,6,2,3,2014
717,46,54,0,0,0,2014
560,41,50,3,3,3,2014
764,36,57,7,0,0,2014
811,39,49,6,2,4,2014
556,42,46,5,5,2,2014
573,27,24,40,7,2,2014
611,10,84,4,0,2,2014
538,48,37,1,6,8,2014
610,45,49,3,0,3,2014
862,41,47,5,4,3,2014
576,43,43,4,0,10,2014
770,31,48,7,5,9,2014
661,75,25,0,0,0,2014
641,43,43,7,3,4,2014
825,45,40,7,3,5,2014
807,39,42,7,5,7,2014
855,28,56,8,4,4,2014
507,49,45,3,0,3,2014
819,41,48,4,3,4,2014
657,44,56,0,0,0,2014
612,54,39,1,4,2,2014
624,20,68,8,0,4,2014
725,27,59,0,0,14,2014
588,53,42,1,0,4,2014
881,44,40,12,2,2,2014
619,41,47,2,2,8,2014
543,35,47,3,10,5,2014
638,33,67,0,0,0,2014
609,41,53,2,1,3,2014
555,31,62,3,0,4,2014
530,43,49,0,3,5,2014
539,43,41,3,3,10,2014
581,42,54,0,0,4,2014
547,36,45,6,4,9,2014
605,26,64,7,0,3,2014
540,31,56,10,0,3,2014
531,29,65,6,0,0,2014
789,45,45,3,3,4,2014
671,55,32,2,1,10,2014
760,37,63,0,0,0,2014
709,57,43,0,0,0,2014
526,36,59,5,0,0,2014
626,60,20,20,0,0,2014
625,48,41,6,3,2,2014
511,46,41,5,3,5,2014
549,13,81,0,0,6,2014
705,32,66,0,0,2,2014
548,44,40,9,2,5,2014
554,65,28,0,7,0,2014
627,64,36,0,0,0,2014
678,47,43,3,1,6,2014
577,48,36,3,1,12,2014
550,56,23,11,5,5,2014
810,45,49,3,0,3,2014
536,55,33,6,6,0,2014
771,56,33,11,0,0,2014
596,33,67,0,0,0,2014
662,64,27,9,0,0,2015
525,39,58,3,0,0,2015
532,47,47,1,5,0,2015
790,31,48,2,12,7,2015
644,47,47,6,0,0,2015
583,0,0,0,0,0,2015
634,50,37,4,0,9,2015
743,46,50,0,0,4,2015
524,44,46,4,2,4,2015
520,44,53,1,0,2,2015
635,46,39,5,5,5,2015
800,58,27,10,0,5,2015
512,50,40,3,2,5,2015
537,14,76,7,0,3,2015
716,45,51,0,1,3,2015
692,54,38,8,0,0,2015
821,36,55,9,0,0,2015
756,27,64,9,0,0,2015
746,48,44,8,0,0,2015
502,35,54,8,0,3,2015
630,43,51,2,2,2,2015
559,23,77,0,0,0,2015
757,40,47,4,3,6,2015
506,38,48,6,4,4,2015
736,51,47,2,0,0,2015
514,48,40,3,4,5,2015
523,36,51,7,2,4,2015
754,25,75,0,0,0,2015
767,28,72,0,0,0,2015
637,24,60,2,2,12,2015
648,40,50,4,0,6,2015
519,42,54,2,0,2,2015
564,35,55,2,2,6,2015
517,46,46,2,3,3,2015
584,43,48,7,0,2,2015
575,54,41,4,1,0,2015
759,59,33,8,0,0,2015
602,30,62,3,2,3,2015
868,47,47,3,0,3,2015
515,36,54,3,3,4,2015
598,43,54,3,0,0,2015
510,42,50,4,2,2,2015
752,47,41,3,5,4,2015
546,46,49,2,1,2,2015
604,42,52,0,0,6,2015
522,50,38,7,0,5,2015
535,39,52,4,2,3,2015
673,35,51,7,0,7,2015
600,48,29,14,0,9,2015
623,45,44,4,2,5,2015
682,29,57,2,0,12,2015
542,38,51,6,3,2,2015
751,26,69,1,2,2,2015
679,19,74,0,0,7,2015
505,47,46,3,1,3,2015
606,44,56,0,0,0,2015
676,13,86,0,0,1,2015
765,41,41,9,6,3,2015
565,53,36,0,0,11,2015
516,54,43,3,0,0,2015
801,30,61,2,0,7,2015
802,40,54,6,0,0,2015
649,39,49,10,0,2,2015
745,78,22,0,0,0,2015
724,27,67,5,0,1,2015
513,34,57,3,3,3,2015
570,46,48,2,1,3,2015
866,39,47,7,4,3,2015
571,36,50,2,4,8,2015
670,32,55,4,0,9,2015
509,50,41,4,0,5,2015
592,44,52,0,0,4,2015
798,0,0,0,0,0,2015
773,10,80,10,0,0,2015
563,39,51,2,0,8,2015
755,43,57,0,0,0,2015
658,37,58,2,1,2,2015
518,43,47,6,1,3,2015
545,37,48,5,0,10,2015
567,42,48,4,3,3,2015
647,33,67,0,0,0,2015
636,31,25,42,0,2,2015
566,32,54,7,0,7,2015
569,25,71,4,0,0,2015
533,39,49,7,3,2,2015
710,30,60,5,0,5,2015
766,0,100,0,0,0,2015
744,44,34,12,2,8,2015
618,46,43,5,2,4,2015
691,30,54,8,2,6,2015
758,41,48,0,0,11,2015
527,35,61,2,0,2,2015
718,47,45,3,0,5,2015
639,58,37,5,0,0,2015
561,39,47,4,5,5,2015
574,52,30,6,6,6,2015
734,64,36,0,0,0,2015
603,21,29,0,0,50,2015
747,50,50,0,0,0,2015
616,36,54,3,4,3,2015
557,43,46,4,0,7,2015
702,9,86,2,0,3,2015
582,22,78,0,0,0,2015
642,48,38,7,2,5,2015
643,39,56,0,0,5,2015
551,27,63,0,8,2,2015
749,16,67,17,0,0,2015
839,49,37,6,3,5,2015
541,37,55,4,1,3,2015
558,56,33,11,0,0,2015
722,35,58,6,0,1,2015
693,39,57,2,0,2,2015
803,40,39,12,3,6,2015
529,49,40,4,3,4,2015
651,39,51,7,0,3,2015
503,45,49,0,0,6,2015
669,30,58,3,2,7,2015
737,21,79,0,0,0,2015
553,54,39,7,0,0,2015
813,31,66,3,0,0,2015
640,43,47,2,3,5,2015
711,67,33,0,0,0,2015
528,40,42,7,5,6,2015
617,39,51,3,1,6,2015
613,3,97,0,0,0,2015
687,31,66,0,0,3,2015
762,39,56,5,0,0,2015
686,45,46,0,2,7,2015
628,47,53,0,0,0,2015
828,49,36,3,6,6,2015
698,52,37,7,0,4,2015
659,43,50,4,0,3,2015
622,44,46,4,3,3,2015
501,46,37,6,4,7,2015
544,54,36,6,1,3,2015
740,0,0,0,0,0,2015
633,40,40,15,0,5,2015
650,51,38,6,1,4,2015
652,35,55,2,2,6,2015
534,48,39,6,1,6,2015
631,22,78,0,0,0,2015
632,41,48,3,0,8,2015
804,80,14,6,0,0,2015
656,48,52,0,0,0,2015
597,44,50,6,0,0,2015
675,36,36,6,0,22,2015
504,44,45,5,2,4,2015
753,43,40,6,5,6,2015
508,50,41,5,2,2,2015
820,30,58,6,2,4,2015
500,30,64,2,0,4,2015
552,0,100,0,0,0,2015
521,44,46,7,3,0,2015
717,25,75,0,0,0,2015
560,42,48,2,3,5,2015
764,45,45,5,0,5,2015
811,52,36,4,4,4,2015
556,40,46,3,1,10,2015
573,32,41,17,6,4,2015
611,14,78,2,0,6,2015
538,42,47,2,4,5,2015
610,39,59,0,0,2,2015
862,37,53,6,0,4,2015
576,57,43,0,0,0,2015
770,38,45,9,1,7,2015
661,50,50,0,0,0,2015
641,52,32,8,2,6,2015
825,40,40,10,6,4,2015
807,33,56,5,2,4,2015
855,35,48,10,5,2,2015
507,41,50,2,3,4,2015
819,38,51,6,2,3,2015
657,46,36,18,0,0,2015
612,55,35,2,2,6,2015
624,19,62,8,0,11,2015
725,27,56,10,0,7,2015
588,37,58,4,0,1,2015
881,34,57,6,0,3,2015
619,34,54,3,0,9,2015
543,41,48,3,3,5,2015
638,50,38,12,0,0,2015
609,44,44,3,1,8,2015
555,37,53,2,4,4,2015
530,36,60,2,2,0,2015
539,45,37,5,2,11,2015
581,45,45,7,0,3,2015
547,43,50,4,2,1,2015
605,32,62,0,3,3,2015
540,35,62,0,0,3,2015
531,37,58,0,0,5,2015
789,56,35,6,1,2,2015
671,39,48,3,1,9,2015
760,33,51,16,0,0,2015
709,41,53,0,0,6,2015
526,56,44,0,0,0,2015
626,0,100,0,0,0,2015
625,44,44,6,2,4,2015
511,48,39,7,2,4,2015
549,31,63,6,0,0,2015
705,27,72,1,0,0,2015
548,42,48,4,1,5,2015
554,46,41,0,13,0,2015
627,48,48,4,0,0,2015
678,42,51,5,0,2,2015
577,45,43,2,1,9,2015
550,50,44,3,3,0,2015
810,48,37,13,0,2,2015
536,41,43,7,4,5,2015
771,33,42,8,0,17,2015
596,50,50,0,0,0,2015
662,59,32,3,0,6,2016
525,46,42,8,0,4,2016
532,34,49,6,4,7,2016
790,36,40,6,15,3,2016
644,33,67,0,0,0,2016
583,0,0,0,0,0,2016
634,31,57,3,6,3,2016
743,46,48,6,0,0,2016
524,44,46,3,2,5,2016
520,49,51,0,0,0,2016
635,41,45,7,2,5,2016
800,51,33,8,4,4,2016
512,49,39,4,2,6,2016
537,30,70,0,0,0,2016
716,48,48,2,0,2,2016
692,41,53,3,3,0,2016
821,8,77,15,0,0,2016
756,52,45,3,0,0,2016
746,37,63,0,0,0,2016
502,47,41,2,0,10,2016
630,42,51,2,2,3,2016
559,40,60,0,0,0,2016
757,33,53,6,1,7,2016
506,35,53,4,4,4,2016
736,45,52,3,0,0,2016
514,44,46,3,2,5,2016
523,33,52,6,2,7,2016
754,48,47,5,0,0,2016
767,67,33,0,0,0,2016
637,25,49,4,0,22,2016
648,36,54,2,0,8,2016
519,36,56,3,2,3,2016
564,37,62,0,0,1,2016
517,46,45,3,2,4,2016
584,37,52,4,0,7,2016
575,38,56,2,3,1,2016
759,33,67,0,0,0,2016
602,29,61,4,2,4,2016
868,31,57,7,0,5,2016
515,47,43,5,2,3,2016
598,31,69,0,0,0,2016
510,40,49,6,2,3,2016
752,25,53,11,2,9,2016
546,37,58,3,0,2,2016
604,46,49,1,0,4,2016
522,51,43,1,0,5,2016
535,37,53,5,1,4,2016
673,35,61,2,0,2,2016
600,52,36,6,1,5,2016
623,43,44,5,3,5,2016
682,30,56,1,0,13,2016
542,36,48,10,3,3,2016
751,37,49,7,4,3,2016
679,24,67,2,1,6,2016
505,43,49,4,2,2,2016
606,48,48,4,0,0,2016
676,21,77,1,0,1,2016
765,48,33,6,4,9,2016
565,36,54,3,0,7,2016
516,33,65,2,0,0,2016
801,20,70,4,3,3,2016
802,22,56,22,0,0,2016
649,43,53,1,0,3,2016
745,8,84,8,0,0,2016
724,14,81,3,0,2,2016
513,45,44,3,1,7,2016
570,52,45,1,0,2,2016
866,45,41,10,1,3,2016
571,37,49,3,3,8,2016
670,37,51,4,2,6,2016
509,34,56,1,0,9,2016
592,27,58,7,3,5,2016
798,0,0,0,0,0,2016
773,28,72,0,0,0,2016
563,40,51,5,2,2,2016
755,43,57,0,0,0,2016
658,29,60,2,1,8,2016
518,42,50,2,2,4,2016
545,36,50,4,3,7,2016
567,37,55,4,0,4,2016
647,82,18,0,0,0,2016
636,43,29,15,6,7,2016
566,41,46,2,5,6,2016
569,38,58,4,0,0,2016
533,35,51,6,4,4,2016
710,50,44,5,0,1,2016
766,0,100,0,0,0,2016
744,44,41,7,5,3,2016
618,41,47,5,2,5,2016
691,36,54,2,1,7,2016
758,17,51,16,0,16,2016
527,42,50,4,1,3,2016
718,51,43,0,0,6,2016
639,37,63,0,0,0,2016
561,39,44,6,3,8,2016
574,42,44,3,3,8,2016
734,47,53,0,0,0,2016
603,22,45,1,0,32,2016
747,67,33,0,0,0,2016
616,39,46,5,1,9,2016
557,39,58,2,0,1,2016
702,9,87,1,0,3,2016
582,14,79,7,0,0,2016
642,51,38,1,3,7,2016
643,36,56,6,0,2,2016
551,34,58,5,1,2,2016
749,37,37,26,0,0,2016
839,47,38,7,3,5,2016
541,38,56,2,2,2,2016
558,38,62,0,0,0,2016
722,27,64,4,1,4,2016
693,43,49,3,1,4,2016
803,42,39,13,3,3,2016
529,41,48,5,1,5,2016
651,30,55,3,9,3,2016
503,43,49,1,0,7,2016
669,22,66,2,2,8,2016
737,16,81,3,0,0,2016
553,57,36,7,0,0,2016
813,41,50,9,0,0,2016
640,46,47,4,1,2,2016
711,62,38,0,0,0,2016
528,45,35,9,6,5,2016
617,36,50,4,4,6,2016
613,2,98,0,0,0,2016
687,37,57,6,0,0,2016
762,42,55,3,0,0,2016
686,38,58,1,1,2,2016
628,43,52,5,0,0,2016
828,37,42,9,9,3,2016
698,53,46,0,0,1,2016
659,41,52,1,1,5,2016
622,44,45,3,2,6,2016
501,39,42,7,4,8,2016
544,47,41,6,1,5,2016
740,0,0,0,0,0,2016
633,50,50,0,0,0,2016
650,35,54,3,2,6,2016
652,30,59,3,0,8,2016
534,43,40,5,3,9,2016
631,36,64,0,0,0,2016
632,26,64,2,0,8,2016
804,41,33,15,11,0,2016
656,42,56,2,0,0,2016
597,38,62,0,0,0,2016
675,33,49,3,0,15,2016
504,45,40,7,3,5,2016
753,44,40,7,3,6,2016
508,48,41,4,3,4,2016
820,32,57,4,3,4,2016
500,31,59,3,3,4,2016
552,0,100,0,0,0,2016
521,35,53,4,3,5,2016
717,38,50,3,0,9,2016
560,37,52,5,2,4,2016
764,31,39,15,0,15,2016
811,43,50,0,3,4,2016
556,48,41,4,2,5,2016
573,45,47,2,2,4,2016
611,23,67,3,0,7,2016
538,36,49,3,3,9,2016
610,28,62,4,0,6,2016
862,39,47,6,3,5,2016
576,48,44,2,0,6,2016
770,28,56,8,3,5,2016
661,62,23,15,0,0,2016
641,39,49,7,1,4,2016
825,42,43,8,3,4,2016
807,36,48,8,4,4,2016
855,38,44,7,9,2,2016
507,39,60,0,0,1,2016
819,36,52,7,2,3,2016
657,48,47,5,0,0,2016
612,42,52,2,1,3,2016
624,22,76,1,0,1,2016
725,21,60,3,0,16,2016
588,42,54,4,0,0,2016
881,25,66,4,0,5,2016
619,34,53,4,0,9,2016
543,35,51,4,4,6,2016
638,50,43,7,0,0,2016
609,41,47,3,4,5,2016
555,35,47,5,6,7,2016
530,39,37,4,5,15,2016
539,44,41,3,1,11,2016
581,24,62,0,0,14,2016
547,33,58,3,2,4,2016
605,34,44,12,6,4,2016
540,51,47,2,0,0,2016
531,30,65,2,0,3,2016
789,47,40,5,4,4,2016
671,37,43,6,3,11,2016
760,36,64,0,0,0,2016
709,50,44,4,0,2,2016
526,32,63,5,0,0,2016
626,86,0,14,0,0,2016
625,47,43,4,5,1,2016
511,43,45,5,3,4,2016
549,30,66,0,0,4,2016
705,17,68,5,0,10,2016
548,48,37,6,3,6,2016
554,28,59,8,5,0,2016
627,53,39,8,0,0,2016
678,43,48,5,0,4,2016
577,36,45,6,1,12,2016
550,46,46,1,0,7,2016
810,41,52,2,0,5,2016
536,45,43,6,0,6,2016
771,48,26,13,0,13,2016
596,56,33,11,0,0,2016
662,52,44,4,0,0,2017
525,42,50,2,0,6,2017
532,38,51,4,2,5,2017
790,37,43,2,16,2,2017
644,45,50,5,0,0,2017
583,0,0,0,0,0,2017
634,44,51,1,2,2,2017
743,51,37,4,0,8,2017
524,44,46,4,2,4,2017
520,44,50,2,0,4,2017
635,40,45,9,3,3,2017
800,46,32,21,0,1,2017
512,43,48,5,2,2,2017
537,24,69,4,0,3,2017
716,50,43,2,1,4,2017
692,39,53,6,2,0,2017
821,50,50,0,0,0,2017
756,48,48,4,0,0,2017
746,47,51,2,0,0,2017
502,39,49,3,0,9,2017
630,42,49,2,2,5,2017
559,41,59,0,0,0,2017
757,38,51,5,1,5,2017
506,33,50,7,4,6,2017
736,51,39,2,0,8,2017
514,47,43,5,3,2,2017
523,28,59,7,1,5,2017
754,31,66,3,0,0,2017
767,50,50,0,0,0,2017
637,21,55,1,3,20,2017
648,36,57,4,1,2,2017
519,39,55,3,0,3,2017
564,30,62,2,5,1,2017
517,44,47,4,2,3,2017
584,46,50,4,0,0,2017
575,47,43,1,3,6,2017
759,39,54,7,0,0,2017
602,33,57,5,3,2,2017
868,44,53,3,0,0,2017
515,43,49,2,3,3,2017
598,31,67,2,0,0,2017
510,38,52,6,2,2,2017
752,40,44,5,3,8,2017
546,35,52,6,2,5,2017
604,34,60,4,0,2,2017
522,48,44,2,0,6,2017
535,35,54,7,2,2,2017
673,40,54,4,0,2,2017
600,52,34,2,2,10,2017
623,44,42,6,4,4,2017
682,37,53,5,0,5,2017
542,45,47,2,1,5,2017
751,37,51,6,3,3,2017
679,17,76,1,2,4,2017
505,45,46,4,3,2,2017
606,37,56,7,0,0,2017
676,18,80,2,0,0,2017
765,44,36,18,2,0,2017
565,47,43,7,0,3,2017
516,52,44,4,0,0,2017
801,25,63,7,4,1,2017
802,39,53,8,0,0,2017
649,41,49,6,0,4,2017
745,37,63,0,0,0,2017
724,24,69,0,0,7,2017
513,40,51,3,3,3,2017
570,44,47,3,3,3,2017
866,43,36,16,4,1,2017
571,44,38,7,4,7,2017
670,41,52,2,1,4,2017
509,44,52,3,0,1,2017
592,25,55,8,8,4,2017
798,0,0,0,0,0,2017
773,53,47,0,0,0,2017
563,35,56,2,3,4,2017
755,27,64,9,0,0,2017
658,34,52,6,2,6,2017
518,45,47,3,2,3,2017
545,33,53,4,1,9,2017
567,45,48,2,1,4,2017
647,72,28,0,0,0,2017
636,30,45,20,4,1,2017
566,41,49,4,0,6,2017
569,45,50,2,3,0,2017
533,36,51,6,3,4,2017
710,29,67,1,0,3,2017
766,0,0,0,0,0,2017
744,41,44,7,6,2,2017
618,40,45,8,3,4,2017
691,31,57,5,3,4,2017
758,41,37,6,0,16,2017
527,38,51,7,2,2,2017
718,51,42,4,0,3,2017
639,43,57,0,0,0,2017
561,41,47,2,3,7,2017
574,41,47,5,0,7,2017
734,44,48,8,0,0,2017
603,20,48,0,0,32,2017
747,57,43,0,0,0,2017
616,40,51,3,2,4,2017
557,44,45,5,3,3,2017
702,9,83,3,0,5,2017
582,42,58,0,0,0,2017
642,42,42,3,4,9,2017
643,55,36,0,0,9,2017
551,34,52,4,5,5,2017
749,36,21,43,0,0,2017
839,47,41,8,3,1,2017
541,42,49,4,3,2,2017
558,33,67,0,0,0,2017
722,27,66,5,0,2,2017
693,43,45,5,0,7,2017
803,35,35,22,4,4,2017
529,38,55,2,1,4,2017
651,30,59,4,5,2,2017
503,50,41,1,0,8,2017
669,27,63,5,2,3,2017
737,15,85,0,0,0,2017
553,44,56,0,0,0,2017
813,40,56,4,0,0,2017
640,48,46,2,2,2,2017
711,50,42,8,0,0,2017
528,47,32,12,4,5,2017
617,35,53,5,4,3,2017
613,3,97,0,0,0,2017
687,40,58,0,0,2,2017
762,41,59,0,0,0,2017
686,36,54,2,1,7,2017
628,40,56,4,0,0,2017
828,30,53,10,4,3,2017
698,51,47,0,0,2,2017
659,43,47,5,1,4,2017
622,45,47,3,2,3,2017
501,40,40,7,6,7,2017
544,46,42,6,4,2,2017
740,0,0,0,0,0,2017
633,61,32,7,0,0,2017
650,36,51,5,4,4,2017
652,34,55,1,3,7,2017
534,44,41,6,4,5,2017
631,30,50,0,0,20,2017
632,43,51,2,0,4,2017
804,47,42,4,7,0,2017
656,53,45,2,0,0,2017
597,48,48,4,0,0,2017
675,31,43,3,0,23,2017
504,46,42,5,3,4,2017
753,39,46,7,4,4,2017
508,45,45,5,3,2,2017
820,39,51,4,2,4,2017
500,28,65,3,0,4,2017
552,0,100,0,0,0,2017
521,37,51,4,3,5,2017
717,37,60,3,0,0,2017
560,44,48,3,4,1,2017
764,29,68,3,0,0,2017
811,51,34,6,3,6,2017
556,49,40,4,3,4,2017
573,44,40,6,4,6,2017
611,22,68,6,0,4,2017
538,40,47,5,5,3,2017
610,41,49,6,0,4,2017
862,40,46,8,3,3,2017
576,47,47,0,0,6,2017
770,35,50,6,3,6,2017
661,79,14,7,0,0,2017
641,36,47,9,4,4,2017
825,39,43,11,5,2,2017
807,39,46,8,4,3,2017
855,34,44,14,7,1,2017
507,48,48,4,0,0,2017
819,33,54,6,3,4,2017
657,45,52,3,0,0,2017
612,46,50,2,0,2,2017
624,32,65,2,0,1,2017
725,26,66,3,0,5,2017
588,32,56,9,0,3,2017
881,40,47,8,4,1,2017
619,40,47,4,1,8,2017
543,36,49,9,3,3,2017
638,29,57,14,0,0,2017
609,41,50,4,1,4,2017
555,34,58,2,5,1,2017
530,50,34,0,4,12,2017
539,47,35,4,3,11,2017
581,48,43,0,0,9,2017
547,36,53,3,6,2,2017
605,44,39,3,6,8,2017
540,35,61,4,0,0,2017
531,42,51,6,0,1,2017
789,48,41,6,4,1,2017
671,35,52,3,0,10,2017
760,72,28,0,0,0,2017
709,46,46,0,4,4,2017
526,31,59,10,0,0,2017
626,75,25,0,0,0,2017
625,43,46,4,3,4,2017
511,39,48,6,3,4,2017
549,33,46,5,0,16,2017
705,33,63,3,0,1,2017
548,39,44,3,6,8,2017
554,33,48,5,14,0,2017
627,36,62,2,0,0,2017
678,35,54,5,0,6,2017
577,41,46,3,1,9,2017
550,35,55,4,2,4,2017
810,41,55,1,0,3,2017
536,37,51,4,2,6,2017
771,48,31,13,0,8,2017
596,50,50,0,0,0,2017
662,40,51,7,0,2,2018
525,34,60,0,0,6,2018
532,34,52,6,4,4,2018
790,31,43,8,16,2,2018
644,60,37,3,0,0,2018
583,0,0,0,0,0,2018
634,47,45,7,0,1,2018
743,33,58,7,0,2,2018
524,37,50,6,2,5,2018
520,41,43,2,0,14,2018
635,34,49,7,4,6,2018
800,35,33,19,7,6,2018
512,40,49,7,2,2,2018
537,25,69,2,0,4,2018
716,46,44,4,3,3,2018
692,38,54,5,3,0,2018
821,40,55,5,0,0,2018
756,21,58,21,0,0,2018
746,53,45,2,0,0,2018
502,30,64,2,0,4,2018
630,36,54,3,3,4,2018
559,30,70,0,0,0,2018
757,35,51,6,4,4,2018
506,26,58,8,4,4,2018
736,36,54,7,0,3,2018
514,41,52,2,3,2,2018
523,24,65,5,3,3,2018
754,47,53,0,0,0,2018
767,27,64,9,0,0,2018
637,20,58,2,2,18,2018
648,26,62,4,4,4,2018
519,29,60,8,2,1,2018
564,24,70,4,1,1,2018
517,35,54,6,1,4,2018
584,25,68,7,0,0,2018
575,36,55,4,0,5,2018
759,21,69,10,0,0,2018
602,30,58,6,3,3,2018
868,45,44,3,0,8,2018
515,36,53,4,3,4,2018
598,29,64,7,0,0,2018
510,37,56,3,1,3,2018
752,35,51,4,3,7,2018
546,39,54,2,0,5,2018
604,24,70,4,0,2,2018
522,37,45,10,0,8,2018
535,34,53,7,2,4,2018
673,34,62,2,0,2,2018
600,43,38,11,5,3,2018
623,37,49,6,4,4,2018
682,25,68,3,0,4,2018
542,39,48,6,1,6,2018
751,32,54,7,2,5,2018
679,12,80,1,0,7,2018
505,34,55,3,2,6,2018
606,42,56,2,0,0,2018
676,19,78,0,0,3,2018
765,29,44,15,4,8,2018
565,36,60,0,0,4,2018
516,42,56,2,0,0,2018
801,24,63,10,1,2,2018
802,25,70,5,0,0,2018
649,39,55,1,0,5,2018
745,28,65,7,0,0,2018
724,19,78,2,0,1,2018
513,42,52,3,1,2,2018
570,37,53,4,5,1,2018
866,34,44,15,5,2,2018
571,39,46,12,0,3,2018
670,37,50,3,1,9,2018
509,33,55,8,0,4,2018
592,27,53,14,2,4,2018
798,0,0,0,0,0,2018
773,15,81,4,0,0,2018
563,28,62,4,3,3,2018
755,33,67,0,0,0,2018
658,28,57,8,3,4,2018
518,41,49,6,2,2,2018
545,35,53,4,2,6,2018
567,35,54,6,2,3,2018
647,60,40,0,0,0,2018
636,25,45,19,6,5,2018
566,41,49,2,3,5,2018
569,30,67,3,0,0,2018
533,38,47,7,3,5,2018
710,42,58,0,0,0,2018
766,0,88,12,0,0,2018
744,29,50,12,3,6,2018
618,38,45,8,4,5,2018
691,28,67,2,2,1,2018
758,20,65,10,0,5,2018
527,33,57,4,2,4,2018
718,44,53,0,0,3,2018
639,48,50,2,0,0,2018
561,36,47,6,4,7,2018
574,42,45,5,6,2,2018
734,45,49,6,0,0,2018
603,11,47,0,0,42,2018
747,43,57,0,0,0,2018
616,32,55,5,3,5,2018
557,35,54,4,1,6,2018
702,9,84,2,0,5,2018
582,14,79,7,0,0,2018
642,32,52,2,14,0,2018
643,41,56,3,0,0,2018
551,29,58,4,2,7,2018
749,33,24,43,0,0,2018
839,35,46,10,4,5,2018
541,28,58,6,5,3,2018
558,44,56,0,0,0,2018
722,28,64,4,3,1,2018
693,37,56,2,1,4,2018
803,29,37,26,4,4,2018
529,33,59,2,2,4,2018
651,33,51,8,5,3,2018
503,41,51,5,0,3,2018
669,24,65,3,0,8,2018
737,21,77,2,0,0,2018
553,22,75,3,0,0,2018
813,47,47,5,0,1,2018
640,42,47,3,1,7,2018
711,33,56,11,0,0,2018
528,37,36,15,6,6,2018
617,30,59,5,2,4,2018
613,2,98,0,0,0,2018
687,33,54,6,0,7,2018
762,26,70,4,0,0,2018
686,37,53,4,2,4,2018
628,31,64,5,0,0,2018
828,25,66,6,2,1,2018
698,27,65,3,0,5,2018
659,35,53,6,2,4,2018
622,45,42,3,3,7,2018
501,33,45,9,5,8,2018
544,38,48,5,3,6,2018
740,0,0,0,0,0,2018
633,39,49,10,0,2,2018
650,32,54,5,4,5,2018
652,23,67,2,5,3,2018
534,36,45,7,4,8,2018
631,12,71,12,0,5,2018
632,35,59,2,0,4,2018
804,19,47,27,7,0,2018
656,29,71,0,0,0,2018
597,18,77,5,0,0,2018
675,27,42,7,0,24,2018
504,39,47,7,3,4,2018
753,31,50,9,4,6,2018
508,42,47,5,3,3,2018
820,30,56,6,3,5,2018
500,23,67,8,0,2,2018
552,0,100,0,0,0,2018
521,28,58,8,1,5,2018
717,22,74,2,0,2,2018
560,36,51,7,2,4,2018
764,35,65,0,0,0,2018
811,31,57,7,1,4,2018
556,39,46,4,7,4,2018
573,36,59,2,1,2,2018
611,11,84,1,0,4,2018
538,33,49,8,3,7,2018
610,33,60,6,0,1,2018
862,33,52,7,3,5,2018
576,46,52,2,0,0,2018
770,27,56,10,2,5,2018
661,50,39,11,0,0,2018
641,33,51,10,4,2,2018
825,34,44,11,6,5,2018
807,32,52,8,4,4,2018
855,27,46,15,7,5,2018
507,38,44,7,4,7,2018
819,29,55,7,4,5,2018
657,47,43,10,0,0,2018
612,37,57,1,3,2,2018
624,27,63,5,0,5,2018
725,26,63,1,0,10,2018
588,33,56,8,0,3,2018
881,30,62,5,1,2,2018
619,33,52,5,3,7,2018
543,38,52,5,0,5,2018
638,41,59,0,0,0,2018
609,38,50,5,3,4,2018
555,29,57,7,3,4,2018
530,33,50,3,4,10,2018
539,40,41,5,3,11,2018
581,36,60,4,0,0,2018
547,32,57,3,3,5,2018
605,34,54,5,4,3,2018
540,33,58,6,0,3,2018
531,30,62,3,0,5,2018
789,34,42,18,3,3,2018
671,26,57,3,4,10,2018
760,40,54,6,0,0,2018
709,37,54,1,7,1,2018
526,50,50,0,0,0,2018
626,40,60,0,0,0,2018
625,40,47,7,2,4,2018
511,37,49,7,2,5,2018
549,24,43,4,0,29,2018
705,29,65,0,0,6,2018
548,40,45,4,3,8,2018
554,19,69,10,2,0,2018
627,42,52,6,0,0,2018
678,31,58,7,1,3,2018
577,35,51,4,2,8,2018
550,35,46,6,7,6,2018
810,26,57,6,4,7,2018
536,35,61,1,1,2,2018
771,26,33,30,0,11,2018
596,31,54,7,8,0,2018
662,19,66,7,0,8,2019
525,54,46,0,0,0,2019
532,29,58,3,3,7,2019
790,23,58,5,11,3,2019
644,33,63,4,0,0,2019
583,0,0,0,0,0,2019
634,39,58,1,2,0,2019
743,38,54,4,0,4,2019
524,33,56,5,1,5,2019
520,22,67,9,0,2,2019
635,28,57,6,4,5,2019
800,33,45,19,3,0,2019
512,38,50,5,2,5,2019
537,24,68,2,0,6,2019
716,37,52,2,5,4,2019
692,39,55,4,2,0,2019
821,28,72,0,0,0,2019
756,22,67,11,0,0,2019
746,39,57,4,0,0,2019
502,27,56,7,0,10,2019
630,35,53,5,2,5,2019
559,24,73,3,0,0,2019
757,22,63,10,2,3,2019
506,27,58,7,4,4,2019
736,28,66,3,0,3,2019
514,34,58,4,1,3,2019
523,19,68,5,4,4,2019
754,23,73,4,0,0,2019
767,21,74,5,0,0,2019
637,15,56,2,2,25,2019
648,29,63,1,3,4,2019
519,33,60,4,3,0,2019
564,25,67,3,0,5,2019
517,34,53,6,2,5,2019
584,30,60,10,0,0,2019
575,32,56,5,2,5,2019
759,25,65,10,0,0,2019
602,29,59,5,3,4,2019
868,24,66,9,0,1,2019
515,31,56,6,2,5,2019
598,23,75,2,0,0,2019
510,32,60,4,1,3,2019
752,24,59,8,5,4,2019
546,41,47,2,2,8,2019
604,30,60,5,0,5,2019
522,33,63,3,0,1,2019
535,26,65,4,1,4,2019
673,35,61,3,0,1,2019
600,41,41,4,2,12,2019
623,35,51,7,3,4,2019
682,24,66,1,0,9,2019
542,31,59,4,2,4,2019
751,25,62,6,4,3,2019
679,13,78,2,1,6,2019
505,31,60,4,2,3,2019
606,33,56,11,0,0,2019
676,19,79,0,0,2,2019
765,23,55,15,3,4,2019
565,14,86,0,0,0,2019
516,37,55,8,0,0,2019
801,20,63,8,4,5,2019
802,23,62,15,0,0,2019
649,29,65,4,0,2,2019
745,35,65,0,0,0,2019
724,21,76,3,0,0,2019
513,25,69,4,1,1,2019
570,33,59,5,0,3,2019
866,31,48,14,4,3,2019
571,30,57,3,4,6,2019
670,28,59,6,2,5,2019
509,24,71,4,0,1,2019
592,20,56,10,4,10,2019
798,0,0,0,0,0,2019
773,18,78,4,0,0,2019
563,27,63,4,1,5,2019
755,42,53,5,0,0,2019
658,21,70,4,0,5,2019
518,35,53,6,1,5,2019
545,34,55,6,2,3,2019
567,27,65,5,1,2,2019
647,31,69,0,0,0,2019
636,33,49,13,1,4,2019
566,31,57,3,4,5,2019
569,29,65,6,0,0,2019
533,23,62,7,3,5,2019
710,40,40,12,0,8,2019
766,0,84,16,0,0,2019
744,33,44,10,7,6,2019
618,33,54,6,3,4,2019
691,34,61,0,1,4,2019
758,26,65,7,0,2,2019
527,28,63,5,1,3,2019
718,37,52,8,0,3,2019
639,45,55,0,0,0,2019
561,34,55,7,1,3,2019
574,25,66,5,0,4,2019
734,16,80,4,0,0,2019
603,21,42,1,0,36,2019
747,0,100,0,0,0,2019
616,25,60,4,2,9,2019
557,29,63,5,1,2,2019
702,6,91,1,0,2,2019
582,15,78,7,0,0,2019
642,34,46,9,7,4,2019
643,37,50,3,0,10,2019
551,29,58,8,2,3,2019
749,50,50,0,0,0,2019
839,37,46,8,5,4,2019
541,32,60,3,1,4,2019
558,48,48,4,0,0,2019
722,15,73,8,1,3,2019
693,31,57,5,1,6,2019
803,29,43,19,4,5,2019
529,29,63,2,1,5,2019
651,33,56,0,2,9,2019
503,28,62,3,0,7,2019
669,24,67,1,1,7,2019
737,14,86,0,0,0,2019
553,31,59,10,0,0,2019
813,18,72,8,0,2,2019
640,34,53,3,3,7,2019
711,21,72,7,0,0,2019
528,33,44,11,5,7,2019
617,29,60,5,2,4,2019
613,2,98,0,0,0,2019
687,31,66,2,0,1,2019
762,25,70,5,0,0,2019
686,27,59,3,4,7,2019
628,33,62,5,0,0,2019
828,19,62,7,3,9,2019
698,36,51,1,0,12,2019
659,29,63,3,1,4,2019
622,34,54,4,3,5,2019
501,31,48,8,5,8,2019
544,31,57,3,2,7,2019
740,0,0,0,0,0,2019
633,36,58,5,0,1,2019
650,29,58,5,3,5,2019
652,25,62,5,1,7,2019
534,32,51,5,3,9,2019
631,20,80,0,0,0,2019
632,30,65,4,0,1,2019
804,23,54,20,3,0,2019
656,42,57,1,0,0,2019
597,21,69,10,0,0,2019
675,28,49,4,0,19,2019
504,39,49,5,4,3,2019
753,29,56,8,2,5,2019
508,36,53,5,2,4,2019
820,25,63,5,3,4,2019
500,20,70,6,2,2,2019
552,0,100,0,0,0,2019
521,31,57,6,3,3,2019
717,22,75,3,0,0,2019
560,34,53,5,2,6,2019
764,13,67,14,0,6,2019
811,29,51,13,5,2,2019
556,27,60,4,4,5,2019
573,34,56,3,3,4,2019
611,19,74,3,0,4,2019
538,24,67,6,1,2,2019
610,39,57,1,0,3,2019
862,30,56,7,3,4,2019
576,37,52,8,0,3,2019
770,25,64,5,3,3,2019
661,13,87,0,0,0,2019
641,35,51,6,4,4,2019
825,33,52,8,4,3,2019
807,29,54,7,4,6,2019
855,32,50,13,3,2,2019
507,41,52,1,3,3,2019
819,27,60,6,2,5,2019
657,21,76,3,0,0,2019
612,46,48,2,1,3,2019
624,10,80,2,0,8,2019
725,28,63,0,0,9,2019
588,26,68,4,0,2,2019
881,22,64,6,4,4,2019
619,22,69,2,1,6,2019
543,30,62,7,0,1,2019
638,17,77,6,0,0,2019
609,36,53,4,3,4,2019
555,26,65,4,0,5,2019
530,34,53,2,3,8,2019
539,28,52,5,2,13,2019
581,28,65,0,0,7,2019
547,28,61,1,4,6,2019
605,30,57,5,3,5,2019
540,29,64,3,0,4,2019
531,30,65,1,0,4,2019
789,29,53,5,6,7,2019
671,27,56,4,3,10,2019
760,48,33,19,0,0,2019
709,33,61,4,1,1,2019
526,29,67,4,0,0,2019
626,36,64,0,0,0,2019
625,34,54,7,3,2,2019
511,37,50,5,3,5,2019
549,17,57,7,0,19,2019
705,25,63,3,0,9,2019
548,39,48,6,1,6,2019
554,37,54,3,6,0,2019
627,21,72,7,0,0,2019
678,29,56,7,0,8,2019
577,31,54,6,2,7,2019
550,33,60,5,1,1,2019
810,23,65,6,4,2,2019
536,36,57,2,2,3,2019
771,29,49,22,0,0,2019
596,22,78,0,0,0,2019
662,33,51,8,4,4,2020
525,32,66,0,0,2,2020
532,27,61,4,2,6,2020
790,27,52,5,12,4,2020
644,34,66,0,0,0,2020
583,0,0,0,0,0,2020
634,19,69,3,4,5,2020
743,20,72,5,0,3,2020
524,35,52,5,3,5,2020
520,49,46,3,0,2,2020
635,28,57,7,4,4,2020
800,22,56,16,3,3,2020
512,34,52,6,3,5,2020
537,27,71,2,0,0,2020
716,30,58,1,5,6,2020
692,37,57,5,1,0,2020
821,15,76,9,0,0,2020
756,25,67,8,0,0,2020
746,33,67,0,0,0,2020
502,32,65,3,0,0,2020
630,32,57,4,2,5,2020
559,25,68,7,0,0,2020
757,19,69,4,4,4,2020
506,25,58,7,5,5,2020
736,16,69,9,0,6,2020
514,33,56,5,2,4,2020
523,36,54,6,3,1,2020
754,32,52,16,0,0,2020
767,4,96,0,0,0,2020
637,18,55,4,0,23,2020
648,27,65,3,3,2,2020
519,25,64,5,3,3,2020
564,25,66,5,2,2,2020
517,32,56,4,4,4,2020
584,44,48,0,0,8,2020
575,29,65,5,0,1,2020
759,23,70,7,0,0,2020
602,26,59,6,5,4,2020
868,21,72,6,0,1,2020
515,32,58,5,3,2,2020
598,31,67,2,0,0,2020
510,34,57,3,3,3,2020
752,27,63,5,5,0,2020
546,30,55,6,1,8,2020
604,25,67,4,0,4,2020
522,29,60,6,0,5,2020
535,26,61,5,3,5,2020
673,32,60,6,0,2,2020
600,28,56,14,1,1,2020
623,34,53,6,3,4,2020
682,25,65,1,0,9,2020
542,25,60,5,4,6,2020
751,24,63,5,4,4,2020
679,14,77,2,1,6,2020
505,29,59,5,3,4,2020
606,27,73,0,0,0,2020
676,19,76,1,0,4,2020
765,31,48,17,2,2,2020
565,22,59,8,0,11,2020
516,25,74,1,0,0,2020
801,28,61,4,2,5,2020
802,34,62,4,0,0,2020
649,27,69,2,0,2,2020
745,50,40,10,0,0,2020
724,19,73,6,0,2,2020
513,29,65,2,2,2,2020
570,30,56,5,1,8,2020
866,36,47,11,3,3,2020
571,31,53,6,3,7,2020
670,24,63,5,3,5,2020
509,25,68,2,0,5,2020
592,29,46,7,5,13,2020
798,0,0,0,0,0,2020
773,33,59,8,0,0,2020
563,30,61,4,1,4,2020
755,23,65,12,0,0,2020
658,22,65,6,1,6,2020
518,34,53,5,2,6,2020
545,36,53,3,2,6,2020
567,29,62,2,0,7,2020
647,30,70,0,0,0,2020
636,21,49,20,2,8,2020
566,30,59,3,5,3,2020
569,44,56,0,0,0,2020
533,27,60,7,3,3,2020
710,30,58,0,0,12,2020
766,0,0,0,0,0,2020
744,28,47,12,7,6,2020
618,31,52,8,4,5,2020
691,34,54,3,5,4,2020
758,13,74,5,0,8,2020
527,31,59,5,2,3,2020
718,30,62,4,0,4,2020
639,36,61,3,0,0,2020
561,36,52,6,3,3,2020
574,30,58,2,3,7,2020
734,36,58,6,0,0,2020
603,29,37,4,0,30,2020
747,0,100,0,0,0,2020
616,27,59,7,2,5,2020
557,31,59,4,3,3,2020
702,7,89,0,0,4,2020
582,34,63,3,0,0,2020
642,34,54,6,3,3,2020
643,42,45,10,0,3,2020
551,23,67,2,2,6,2020
749,23,50,27,0,0,2020
839,34,52,7,5,2,2020
541,30,64,3,0,3,2020
558,18,82,0,0,0,2020
722,20,71,7,1,1,2020
693,27,64,4,0,5,2020
803,26,45,19,6,4,2020
529,37,53,4,2,4,2020
651,25,53,14,6,2,2020
503,34,62,2,0,2,2020
669,17,71,6,3,3,2020
737,11,89,0,0,0,2020
553,31,61,8,0,0,2020
813,25,57,10,0,8,2020
640,37,53,5,1,4,2020
711,50,50,0,0,0,2020
528,33,47,10,6,4,2020
617,24,62,4,5,5,2020
613,2,98,0,0,0,2020
687,29,68,0,0,3,2020
762,18,80,2,0,0,2020
686,27,63,2,2,6,2020
628,33,64,3,0,0,2020
828,28,47,17,3,5,2020
698,37,49,8,0,6,2020
659,29,60,4,2,5,2020
622,33,53,3,2,9,2020
501,31,45,9,6,9,2020
544,39,47,4,4,6,2020
740,0,0,0,0,0,2020
633,42,48,4,0,6,2020
650,31,57,3,4,5,2020
652,22,65,5,3,5,2020
534,30,53,7,3,7,2020
631,27,58,10,0,5,2020
632,34,60,3,0,3,2020
804,30,49,14,7,0,2020
656,39,61,0,0,0,2020
597,35,65,0,0,0,2020
675,37,53,2,0,8,2020
504,35,50,7,3,5,2020
753,26,57,9,3,5,2020
508,26,60,5,4,5,2020
820,23,64,7,3,3,2020
500,24,69,4,0,3,2020
552,0,100,0,0,0,2020
521,23,62,6,5,4,2020
717,32,66,2,0,0,2020
560,34,54,4,3,5,2020
764,29,62,2,0,7,2020
811,39,48,4,4,5,2020
556,31,56,2,4,7,2020
573,33,58,3,2,4,2020
611,20,74,0,0,6,2020
538,23,60,4,7,6,2020
610,27,67,4,0,2,2020
862,28,57,8,3,4,2020
576,27,69,3,0,1,2020
770,24,60,8,4,4,2020
661,39,61,0,0,0,2020
641,28,55,9,4,4,2020
825,29,53,10,5,3,2020
807,24,56,10,5,5,2020
855,22,56,15,2,5,2020
507,37,47,6,3,7,2020
819,23,65,7,2,3,2020
657,45,48,7,0,0,2020
612,37,52,3,5,3,2020
624,21,65,6,0,8,2020
725,23,64,7,0,6,2020
588,29,62,3,0,6,2020
881,28,63,4,1,4,2020
619,35,53,2,1,9,2020
543,33,59,4,3,1,2020
638,25,63,12,0,0,2020
609,30,56,4,3,7,2020
555,30,56,5,3,6,2020
530,27,59,4,3,7,2020
539,30,49,5,5,11,2020
581,20,73,6,0,1,2020
547,27,60,4,5,4,2020
605,33,49,5,9,4,2020
540,27,66,2,0,5,2020
531,24,72,2,0,2,2020
789,31,51,9,4,5,2020
671,28,57,3,2,10,2020
760,37,57,6,0,0,2020
709,43,50,3,2,2,2020
526,27,70,3,0,0,2020
626,28,58,14,0,0,2020
625,40,47,5,3,5,2020
511,33,51,6,4,6,2020
549,18,51,1,0,30,2020
705,16,80,3,0,1,2020
548,32,51,7,6,4,2020
554,29,60,9,2,0,2020
627,38,59,3,0,0,2020
678,26,63,6,3,2,2020
577,30,54,6,4,6,2020
550,32,66,1,1,0,2020
810,22,66,8,3,1,2020
536,30,61,2,2,5,2020
771,32,47,11,0,10,2020
596,28,65,0,7,0,2020
