code,year,word1
500,2004,0.37568769853224415
500,2005,0.17206722676411026
500,2006,0.23238293540798427
500,2007,0.2032111705473412
500,2008,0.14789023557519174
500,2009,0.21802025240836098
500,2010,0.12122255940463957
500,2011,0.15381449513176243
500,2012,0.12079008295264322
500,2013,0.15132241328590873
500,2014,0.1558299374362676
500,2015,0.15119325387524213
500,2016,0.17789380814412795
500,2017,0.1322951487108935
500,2018,0.1012467505767739
500,2019,0.1080511549710415
500,2020,0.10621740484943142
501,2004,0.18521434258566752
501,2005,0.21968403613158202
501,2006,0.21804549034159698
501,2007,0.21280759621154632
501,2008,0.24398082788681547
501,2009,0.15580310150957227
501,2010,0.15337449875478412
501,2011,0.16401435444494114
501,2012,0.1541226388960381
501,2013,0.14060676130796476
501,2014,0.14698989830029593
501,2015,0.15382218874230555
501,2016,0.1358930437235291
501,2017,0.1359008597858689
501,2018,0.10554423313716875
501,2019,0.09224342469340165
501,2020,0.09427420964009314
502,2004,0.2681513887449138
502,2005,0.389221371424923
502,2006,0.2196641566694227
502,2007,0.39346474744221666
502,2008,0.283172812379632
502,2009,0.40404531301140634
502,2010,0.23274246855799094
502,2011,0.11744919400995309
502,2012,0.24173993228811042
502,2013,0.2927568537750466
502,2014,0.23191453398035466
502,2015,0.18528724608521344
502,2016,0.2600912305699602
502,2017,0.32904230087601777
502,2018,0.14806618155156304
502,2019,0.11837772912394878
502,2020,0.11557932002700629
503,2004,0
503,2005,0
503,2006,0.5994006169322492
503,2007,0.32690909153172465
503,2008,0.1899626629799965
503,2009,0.2549793726000096
503,2010,0.25794724875021213
503,2011,0.28997553914860147
503,2012,0.27513488276274056
503,2013,0.19409616347585754
503,2014,0.2064397986441325
503,2015,0.32522013809218536
503,2016,0.20800092508811652
503,2017,0.1966453016020061
503,2018,0.17746167530860035
503,2019,0.14002439116522142
503,2020,0.14491116200376059
504,2004,0.2777379205599625
504,2005,0.2883247945408895
504,2006,0.3430754004071909
504,2007,0.24033538238970062
504,2008,0.2921612232526335
504,2009,0.1966896598939086
504,2010,0.18215900735785712
504,2011,0.17405307129202666
504,2012,0.18157044631571606
504,2013,0.18386585273186679
504,2014,0.1693529164273975
504,2015,0.18348153974027726
504,2016,0.17313259309437137
504,2017,0.15936287541186583
504,2018,0.14606463092405564
504,2019,0.12544504795196126
504,2020,0.12686455557615267
505,2004,0.28209980141128654
505,2005,0.2950251335248408
505,2006,0.31408978280738453
505,2007,0.19796686268614813
505,2008,0.25489147036543874
505,2009,0.16053158753461505
505,2010,0.1931394170624609
505,2011,0.19070117463918035
505,2012,0.19548854344253053
505,2013,0.17516042446698202
505,2014,0.21447401133752902
505,2015,0.21848414091322838
505,2016,0.20516396965310502
505,2017,0.19706859935581486
505,2018,0.14654715324114595
505,2019,0.13891552429837606
505,2020,0.1379490679276086
506,2004,0.1498758310919479
506,2005,0.20040480709469197
506,2006,0.18061901186477516
506,2007,0.16859567192290162
506,2008,0.2087017904845964
506,2009,0.15614108477574806
506,2010,0.15724699363398048
506,2011,0.1266724730230452
506,2012,0.15755636665270387
506,2013,0.14528416384624793
506,2014,0.11453353413134414
506,2015,0.12316478598588297
506,2016,0.13243812753635123
506,2017,0.12533023147748126
506,2018,0.09818697460902662
506,2019,0.0929078235430498
506,2020,0.08821683040802272
507,2004,1
507,2005,0.3545505022868394
507,2006,0.32725629589450145
507,2007,0.3203071794224118
507,2008,0.3718912048817534
507,2009,0.20467713061454104
507,2010,0.19801900199406922
507,2011,0.22398981312565572
507,2012,0.24978742477278917
507,2013,0.21176604893695983
507,2014,0.20474369822461902
507,2015,0.23343562398049938
507,2016,0.18636076925873712
507,2017,0.17969111722610856
507,2018,0.18120149010115733
507,2019,0.15734183711253857
507,2020,0.16329055393590294
508,2004,0.2376934227671111
508,2005,0.3304884188340993
508,2006,0.401655886799796
508,2007,0.348972694963751
508,2008,0.2801887025934759
508,2009,0.2557155417870755
508,2010,0.21680557869929368
508,2011,0.2587645261084587
508,2012,0.22411076545853068
508,2013,0.2565623788422387
508,2014,0.22453422380219148
508,2015,0.22780190249071935
508,2016,0.23018465000517938
508,2017,0.23558758829067308
508,2018,0.19761778628499685
508,2019,0.14881651768793486
508,2020,0.12734600449536881
509,2004,0
509,2005,0.1393201394801436
509,2006,0.1543484645461921
509,2007,0.24602323447128183
509,2008,0.3981265614539753
509,2009,0
509,2010,0.10657299692636935
509,2011,0.18334015239872178
509,2012,0.17676327352337443
509,2013,0.1561161547304701
509,2014,0.12843130706887668
509,2015,0.16602312425509197
509,2016,0.17523696502829875
509,2017,0.22954937534328315
509,2018,0.12404069624746862
509,2019,0.1462360881070154
509,2020,0.12223433819776897
510,2004,0.4064928432236356
510,2005,0.3128626839797787
510,2006,0.3020066926927896
510,2007,0.28397842787420463
510,2008,0.2971008152671433
510,2009,0.25980157521475283
510,2010,0.219372803019891
510,2011,0.2260145315330526
510,2012,0.207951389877182
510,2013,0.21187790279259278
510,2014,0.21378441105626111
510,2015,0.18683629476948993
510,2016,0.18728875389965546
510,2017,0.1707502906969351
510,2018,0.189591194868628
510,2019,0.14193715868614395
510,2020,0.15222135130943162
511,2004,0.1533072817301965
511,2005,0.15114253308092646
511,2006,0.17784851961110557
511,2007,0.16754862710730992
511,2008,0.1599479727236895
511,2009,0.09614578385754372
511,2010,0.11711127741263083
511,2011,0.14903015047564988
511,2012,0.15312560586299417
511,2013,0.15892700685065678
511,2014,0.13770028969231982
511,2015,0.16992906639091526
511,2016,0.15010818268782974
511,2017,0.1465103693310257
511,2018,0.11944689335636466
511,2019,0.11242073583446868
511,2020,0.10145469883872388
512,2004,0.11021319947875767
512,2005,0.23758359201443113
512,2006,0.2835522665234987
512,2007,0.21159142667800496
512,2008,0.26709371318939296
512,2009,0.17705607639443766
512,2010,0.21810049202418816
512,2011,0.18597475665116142
512,2012,0.175566790142412
512,2013,0.1669413651253805
512,2014,0.19281218142359371
512,2015,0.19877830357356774
512,2016,0.19335465667571447
512,2017,0.18505648403261343
512,2018,0.14976077407293376
512,2019,0.15654019094941765
512,2020,0.1405158875389256
513,2004,0.540466854747172
513,2005,0.343057541395515
513,2006,0.2912620124646204
513,2007,0.2795532635873088
513,2008,0.35601103259602424
513,2009,0.20330943046066766
513,2010,0.19311444505860437
513,2011,0.2262318346143516
513,2012,0.25398210632847934
513,2013,0.2323756476561147
513,2014,0.2343890085137775
513,2015,0.1466079295618546
513,2016,0.21743126988994307
513,2017,0.1828402970928703
513,2018,0.1895370287381868
513,2019,0.12910089408058964
513,2020,0.1409437373286388
514,2004,0.48966496309966245
514,2005,0.32705572613476813
514,2006,0.30374546123013063
514,2007,0.2828521386225068
514,2008,0.3185714002097031
514,2009,0.19841623424263202
514,2010,0.1673192998497519
514,2011,0.20758841218269156
514,2012,0.20046227151085552
514,2013,0.14713542880077432
514,2014,0.1913256621282141
514,2015,0.22529175121625827
514,2016,0.22738619160766502
514,2017,0.21703764065730533
514,2018,0.1695515285974953
514,2019,0.14857205366157025
514,2020,0.11408002084408043
515,2004,0.29446157709401183
515,2005,0.348069374723129
515,2006,0.23766988050128426
515,2007,0.2054144920012123
515,2008,0.2802429436667524
515,2009,0.1708967621290202
515,2010,0.16445349378061033
515,2011,0.20905921128287325
515,2012,0.20078440350041782
515,2013,0.17783634699284295
515,2014,0.1912981376799701
515,2015,0.17533757801868005
515,2016,0.23906326102773914
515,2017,0.1885721644317315
515,2018,0.1699103448939199
515,2019,0.1345022247956628
515,2020,0.14799597940155323
516,2004,0
516,2005,0.28724231163081293
516,2006,0.34511700850079113
516,2007,0.8800149360451162
516,2008,0.41676507012836034
516,2009,0.5217819871072585
516,2010,0.14796621752010816
516,2011,0.26230703291866003
516,2012,0.13429955071145136
516,2013,0.35121479293016805
516,2014,0.31106533623547017
516,2015,0.27530637699971083
516,2016,0.21379268216625585
516,2017,0.20815309057083575
516,2018,0.18754409028291105
516,2019,0.15362684326069587
516,2020,0.12383084557041397
517,2004,0.2860819422858125
517,2005,0.2153172524652766
517,2006,0.26134221561732845
517,2007,0.21222257512027418
517,2008,0.1826905878256666
517,2009,0.20506941657072847
517,2010,0.16637782627114897
517,2011,0.20097538801090095
517,2012,0.1853172853195481
517,2013,0.22205725879728058
517,2014,0.18988137912482295
517,2015,0.17693401344293525
517,2016,0.20174967130728566
517,2017,0.21206545854917389
517,2018,0.14315960495878985
517,2019,0.1446582749526135
517,2020,0.142790206757291
518,2004,0.23091472535652735
518,2005,0.36759401479517867
518,2006,0.2864277034839832
518,2007,0.16304096676540825
518,2008,0.22891533956030846
518,2009,0.17205742063668655
518,2010,0.15862111752777316
518,2011,0.20075808902368053
518,2012,0.1614838831595322
518,2013,0.22665303680757704
518,2014,0.21024929002172776
518,2015,0.16061021371535647
518,2016,0.15488988987245228
518,2017,0.1953811861447549
518,2018,0.16600853395017098
518,2019,0.1357715531403942
518,2020,0.11451117995544291
519,2004,0
519,2005,0.21848854434137038
519,2006,0.16873251081648077
519,2007,0.3314360500304522
519,2008,0.4364798809001361
519,2009,0.3173072832656151
519,2010,0.2697140689577507
519,2011,0.2105161100874937
519,2012,0.1587879953310079
519,2013,0.2308091636190808
519,2014,0.14790531904685827
519,2015,0.18388947724046625
519,2016,0.17657374930571726
519,2017,0.1645699762437979
519,2018,0.11789319540030302
519,2019,0.1018449422558769
519,2020,0.09779264927914802
520,2004,0.6759550860978683
520,2005,0
520,2006,0.39013878977303723
520,2007,0.34888965971069225
520,2008,0.3065704376048186
520,2009,0.2574684094895184
520,2010,0.14163867297591162
520,2011,0.2338393985446854
520,2012,0.15656572976553054
520,2013,0.173900210787417
520,2014,0.3470843781137897
520,2015,0.3615720544318063
520,2016,0.24283157471446148
520,2017,0.24677263209444858
520,2018,0.16898728782032252
520,2019,0.14865551116421596
520,2020,0.15726185562695383
521,2004,0.3276156304621036
521,2005,0.25293833170936375
521,2006,0.2212523129013898
521,2007,0.2549467159221319
521,2008,0.2123068683741501
521,2009,0.15844874208486254
521,2010,0.17815625021110573
521,2011,0.16475612201272463
521,2012,0.14386257899441016
521,2013,0.13946589540075188
521,2014,0.13592425102591021
521,2015,0.14703022972188262
521,2016,0.1558256286364578
521,2017,0.1351535857705693
521,2018,0.13460138604703026
521,2019,0.11828165371996519
521,2020,0.08034876930119705
522,2004,0
522,2005,0.6930084232000965
522,2006,0.2012036342222589
522,2007,0.6741774807923262
522,2008,0.18313422264369603
522,2009,0.4085766578472028
522,2010,0.18511571715628727
522,2011,0.15595830396915436
522,2012,0.24252092691184746
522,2013,0.2157352766805233
522,2014,0.12389204539881254
522,2015,0.18196991699446996
522,2016,0.2237967384502004
522,2017,0.19337139286101004
522,2018,0.13771167617529692
522,2019,0.16041003127216893
522,2020,0.1498580326265971
523,2004,0.2392309151830654
523,2005,0.20691891607269966
523,2006,0.19277027499072782
523,2007,0.19243761590456498
523,2008,0.18631456179949973
523,2009,0.18507209031986668
523,2010,0.2851667828468657
523,2011,0.19303173703328977
523,2012,0.13977064577066756
523,2013,0.179322291309326
523,2014,0.11230363281465912
523,2015,0.1580847718070773
523,2016,0.14462514223282177
523,2017,0.19489667595331833
523,2018,0.13143450820877806
523,2019,0.0971431283007114
523,2020,0.10175015741633212
524,2004,0.16858347792659786
524,2005,0.18829635216472465
524,2006,0.22100865223671315
524,2007,0.23372454951521562
524,2008,0.22484460145761895
524,2009,0.15798997254448022
524,2010,0.1532973631545828
524,2011,0.20071858690169148
524,2012,0.22112723046259825
524,2013,0.20494535284294524
524,2014,0.1827279408001549
524,2015,0.22030042615572587
524,2016,0.18943975487709486
524,2017,0.19103624638763922
524,2018,0.1509408288409133
524,2019,0.13183964174517698
524,2020,0.1423962839258474
525,2004,0.6526107175262182
525,2005,0
525,2006,0.6334130040600408
525,2007,0.2623069521628846
525,2008,0.27828786221562085
525,2009,0
525,2010,0
525,2011,0.1677617627416003
525,2012,0.18527854258764007
525,2013,0.16867237859323517
525,2014,0.1922231683507197
525,2015,0.2552024162165604
525,2016,0.2048675338947623
525,2017,0.23272304114417408
525,2018,0.20237681646940198
525,2019,0.22964430358096832
525,2020,0.21031478594615075
526,2004,0
526,2005,0.5680639699612798
526,2006,0.9030488646508524
526,2007,0
526,2008,0
526,2009,0.20654327914742712
526,2010,0
526,2011,0.2811703204442001
526,2012,0.3420283277892973
526,2013,0.2626573285155023
526,2014,0.1622675836846168
526,2015,0.2551717059913066
526,2016,0.23958244217914634
526,2017,0.18988871883009928
526,2018,0.2269159441511539
526,2019,0.11070713935984791
526,2020,0.08558451714691405
527,2004,0.14167864334834857
527,2005,0.23434449876626495
527,2006,0.15028131462636882
527,2007,0.19416464406427242
527,2008,0.20931977823545628
527,2009,0.1869970397125148
527,2010,0.20544432514074862
527,2011,0.13511431705462415
527,2012,0.13481601549548228
527,2013,0.18538649619053138
527,2014,0.1971951476648358
527,2015,0.1584928728435828
527,2016,0.19249589341289622
527,2017,0.2000188275063093
527,2018,0.13797290132814455
527,2019,0.1234929616265002
527,2020,0.12555925862133727
528,2004,0.18420151160937714
528,2005,0.18421603018166932
528,2006,0.18837451394621108
528,2007,0.19086042442312734
528,2008,0.2179641327275997
528,2009,0.1231269288187493
528,2010,0.15101782432346686
528,2011,0.15626973422860146
528,2012,0.16966577982748357
528,2013,0.1643485345070719
528,2014,0.13590131366070646
528,2015,0.14116094428559992
528,2016,0.12185190238884304
528,2017,0.1338645281791072
528,2018,0.10458189209780788
528,2019,0.09326293610630006
528,2020,0.09786918769224405
529,2004,0.3999378358394715
529,2005,0.41663719695325474
529,2006,0.4299729470898614
529,2007,0.345633810235566
529,2008,0.4177349773369665
529,2009,0.23316396308332593
529,2010,0.2009711349756221
529,2011,0.2274416945525663
529,2012,0.20997518247045432
529,2013,0.2326811472787537
529,2014,0.2475376712623908
529,2015,0.26374895589274777
529,2016,0.2104133778708559
529,2017,0.2325774007533857
529,2018,0.17586812236194027
529,2019,0.16739892983312912
529,2020,0.1698869507781684
530,2004,0
530,2005,0.46556492612407985
530,2006,0.40900842839506224
530,2007,0.46489963141689483
530,2008,0.24261563288093613
530,2009,0.23395207448452746
530,2010,0.09470850754983404
530,2011,0.16579801301224056
530,2012,0.18280059107320273
530,2013,0.24512844271174258
530,2014,0.18471857890776666
530,2015,0.16513238058169663
530,2016,0.17862487006540714
530,2017,0.2555770591385931
530,2018,0.12648914025258573
530,2019,0.11672089508303152
530,2020,0.1143996203495851
531,2004,0.30479777366892286
531,2005,0.5863513800073702
531,2006,0.4961586706379992
531,2007,0.40080643900077645
531,2008,0.2436275427570485
531,2009,0.31827483917732485
531,2010,0.28625130736600407
531,2011,0.27346632716599356
531,2012,0.41059041647413796
531,2013,0.303034088526608
531,2014,0.2527388347200047
531,2015,0.23436874059603388
531,2016,0.2699101806002026
531,2017,0.2749092221931604
531,2018,0.20020268351541382
531,2019,0.20738121594412307
531,2020,0.16490844279875813
532,2004,0.16983605306738292
532,2005,0.2626388967533289
532,2006,0.24291014336524805
532,2007,0.24367932618351673
532,2008,0.25260335746195395
532,2009,0.1761576393199698
532,2010,0.18755218816508648
532,2011,0.2045087758676297
532,2012,0.16203274439994064
532,2013,0.17586577627892802
532,2014,0.1876036730269868
532,2015,0.20491664276626453
532,2016,0.18191316633474
532,2017,0.19279268699292693
532,2018,0.13255784455414513
532,2019,0.1526624950219108
532,2020,0.13057563299068126
533,2004,0.236974044937143
533,2005,0.25984399700228233
533,2006,0.24104337529966466
533,2007,0.19526053872570023
533,2008,0.26124697110272027
533,2009,0.20668154281803333
533,2010,0.16897934447373988
533,2011,0.16424070877463534
533,2012,0.17700513241150323
533,2013,0.1607706692572083
533,2014,0.13503279585882816
533,2015,0.16187075957481747
533,2016,0.16490397527449926
533,2017,0.1616628570432014
533,2018,0.13679760996444099
533,2019,0.1077267607688262
533,2020,0.09326062105045745
534,2004,0.23249291699792962
534,2005,0.23457067731133102
534,2006,0.21858784798407951
534,2007,0.24511830576400265
534,2008,0.2598488629863404
534,2009,0.21656429944292352
534,2010,0.18649062786784124
534,2011,0.1777239438127624
534,2012,0.19180070599096977
534,2013,0.1879076863193645
534,2014,0.17961515970534025
534,2015,0.19539491502667067
534,2016,0.16486642899499496
534,2017,0.17180661885524745
534,2018,0.13578672805783093
534,2019,0.11131633435321482
534,2020,0.11370999366010583
535,2004,0.11365454563161007
535,2005,0.2554882817952988
535,2006,0.3018029405054617
535,2007,0.25656862691799787
535,2008,0.2587385728699485
535,2009,0.17459007956991937
535,2010,0.23416675635069442
535,2011,0.2323396255955321
535,2012,0.2391523575216378
535,2013,0.19175039987370163
535,2014,0.18887524840682032
535,2015,0.1872886676698095
535,2016,0.1741381551454617
535,2017,0.17797064473227972
535,2018,0.13810768300283216
535,2019,0.11563792728787346
535,2020,0.13124973903947987
536,2004,0
536,2005,0.4861143664695714
536,2006,0.5749551795704806
536,2007,0.3069264045595456
536,2008,0.5859287678241482
536,2009,0.28475500225802974
536,2010,0.47278699181073114
536,2011,0.31151816694662054
536,2012,0.30170521059661654
536,2013,0.2559861516306551
536,2014,0.22192381824929194
536,2015,0.33874064350092803
536,2016,0.3114306312693723
536,2017,0.3065710203326244
536,2018,0.17267761547302293
536,2019,0.20661861003844995
536,2020,0.18118668713851804
537,2004,0
537,2005,0
537,2006,0.26419794605645636
537,2007,0.14026538730531152
537,2008,0.23241912074316595
537,2009,0.3280119946011202
537,2010,0.22916827884945323
537,2011,0.24822584510425966
537,2012,0.10906988548820577
537,2013,0.24618401342842297
537,2014,0.1260897360770492
537,2015,0.16365575220801284
537,2016,0.09822850395743879
537,2017,0.16522907622472421
537,2018,0.12691877239783636
537,2019,0.13332298369490952
537,2020,0.19730486763280466
538,2004,0.17686701451494025
538,2005,0.23005615653081432
538,2006,0.29271557922303015
538,2007,0.30068143286066973
538,2008,0.30604347271211363
538,2009,0.19879169761368298
538,2010,0.2070238960223864
538,2011,0.12386172325591979
538,2012,0.18773971998771108
538,2013,0.17848187824745132
538,2014,0.16615953075521442
538,2015,0.14727520077105064
538,2016,0.18481024640054644
538,2017,0.17475270691904884
538,2018,0.12646878589684576
538,2019,0.13081602629313668
538,2020,0.13336117152633833
539,2004,0.28296475533730703
539,2005,0.28232708753842783
539,2006,0.22107512066956697
539,2007,0.1927876722188554
539,2008,0.2462615830970235
539,2009,0.1575690357702748
539,2010,0.18785114394538338
539,2011,0.17004704684124067
539,2012,0.1853268594417216
539,2013,0.19371853762276092
539,2014,0.15574925773243906
539,2015,0.16589957582938988
539,2016,0.20982487239616196
539,2017,0.18501036808461502
539,2018,0.1513035254390873
539,2019,0.13338812579891332
539,2020,0.11895152398916813
540,2004,0
540,2005,0.4592997615969082
540,2006,0.495757592143724
540,2007,0.3110428981197792
540,2008,0.6268192232446049
540,2009,0.3759386473862001
540,2010,0
540,2011,0.1625409072143892
540,2012,0.29553441206197534
540,2013,0.30722359956391615
540,2014,0.18953333664267868
540,2015,0.14468996995835923
540,2016,0.23950844748405142
540,2017,0.1828589850901686
540,2018,0.17287390840147132
540,2019,0.20068010063761776
540,2020,0.10851579562453725
541,2004,0.38562167630054445
541,2005,0.5738018503484468
541,2006,0.26503990286778084
541,2007,0.2784767088215001
541,2008,0.25716484467417206
541,2009,0.30607927886564906
541,2010,0.19158838173547912
541,2011,0.2095599211380142
541,2012,0.23633311303229249
541,2013,0.2892567219047244
541,2014,0.260886166450286
541,2015,0.23774485443012924
541,2016,0.24497263453358678
541,2017,0.22708524730495552
541,2018,0.17544450171913467
541,2019,0.18823114023431783
541,2020,0.17571606639116083
542,2004,0
542,2005,0.2052655611942768
542,2006,0.17119372126499507
542,2007,0.2982064478697016
542,2008,0.37908606896184216
542,2009,0.24330378810503087
542,2010,0.1649745587648088
542,2011,0.1614523953268765
542,2012,0.172228524235935
542,2013,0.2665028222456313
542,2014,0.22674574907067682
542,2015,0.1985347890295287
542,2016,0.17172830228645014
542,2017,0.18730425000330128
542,2018,0.1634666226548926
542,2019,0.1412996508254836
542,2020,0.13575169384060307
543,2004,0.1345327766968082
543,2005,0.12804292735436867
543,2006,0.268210018659141
543,2007,0.20425534690280636
543,2008,0.26145090661417597
543,2009,0.1495808999443581
543,2010,0.11388200245326328
543,2011,0.16608806464498732
543,2012,0.26005587625897053
543,2013,0.19910173125626007
543,2014,0.17406553603514388
543,2015,0.1918574174660956
543,2016,0.177218500461597
543,2017,0.19267241067709454
543,2018,0.16131198412112874
543,2019,0.10213435661894088
543,2020,0.12830602201608757
544,2004,0.2142410756288561
544,2005,0.16763133686641307
544,2006,0.2742721399228352
544,2007,0.21732125423075577
544,2008,0.25481301761807995
544,2009,0.18024443942859938
544,2010,0.1270462272475115
544,2011,0.1709607359107326
544,2012,0.16440046317250542
544,2013,0.18868665321723158
544,2014,0.1616013841010478
544,2015,0.18941021981945996
544,2016,0.16837627434507418
544,2017,0.19358854770092782
544,2018,0.14501928066617736
544,2019,0.13199814625282194
544,2020,0.13229786037497987
545,2004,0
545,2005,0
545,2006,1.2009736424191655
545,2007,0.16456145309401662
545,2008,0.33436824067745197
545,2009,0.284957656283709
545,2010,0.33016399007762787
545,2011,0.11968269529432501
545,2012,0.20169360261030492
545,2013,0.22033443863615534
545,2014,0.1671088891500594
545,2015,0.22905180894301713
545,2016,0.2052768751368847
545,2017,0.20773220543295937
545,2018,0.1596629340759058
545,2019,0.13677777006758216
545,2020,0.1776575034009354
546,2004,0.22790878508824508
546,2005,0.2885999419228849
546,2006,0.32909589618735846
546,2007,0.1950975903906109
546,2008,0.29691060599614466
546,2009,0.1607684312579421
546,2010,0.1858577455261494
546,2011,0.2754665208693002
546,2012,0.13986410800743745
546,2013,0.2744534979666124
546,2014,0.1771447357246651
546,2015,0.20052141424081457
546,2016,0.1702655426832333
546,2017,0.1897990422861934
546,2018,0.176677007480791
546,2019,0.1378711039338715
546,2020,0.13306960716202434
547,2004,0.2238646063214612
547,2005,0.17698974249925775
547,2006,0.34695202587532287
547,2007,0.4925955654309831
547,2008,0.29389123336559475
547,2009,0.37710751357737876
547,2010,0.289133452927566
547,2011,0.25061077642839463
547,2012,0.2074078212915969
547,2013,0.19469177658942474
547,2014,0.19805358862362119
547,2015,0.1877914241212822
547,2016,0.2031465880734823
547,2017,0.18961345227831447
547,2018,0.15005211221017606
547,2019,0.153848653944332
547,2020,0.13148691900206372
548,2004,0.2846521294669341
548,2005,0.18685586896436357
548,2006,0.18762158273168372
548,2007,0.17422928019641548
548,2008,0.4007916301517288
548,2009,0.19676583105871032
548,2010,0.23754130871949736
548,2011,0.1700576903873747
548,2012,0.14332218024795207
548,2013,0.16778831840994413
548,2014,0.14493546303914878
548,2015,0.16075094013299995
548,2016,0.14998411118557356
548,2017,0.1413131107969928
548,2018,0.1273697263284485
548,2019,0.11195355079866655
548,2020,0.10122605492787644
549,2004,0
549,2005,0.857465933867614
549,2006,0
549,2007,0
549,2008,0
549,2009,0.26325561103894557
549,2010,0
549,2011,0.24626800108788982
549,2012,0.3384886258816147
549,2013,0.276061836680491
549,2014,0.2712244664026055
549,2015,0.1030683778038735
549,2016,0.29683803261592173
549,2017,0.2681424746378065
549,2018,0.13351327945797528
549,2019,0.13949100289126581
549,2020,0.1959242057452009
550,2004,0.38591031528908964
550,2005,0.4429500715444958
550,2006,0.47477906514723855
550,2007,0.18655744069675356
550,2008,0.4057194492398593
550,2009,0.20860910505346414
550,2010,0.2896776164418201
550,2011,0.08756525360082162
550,2012,0.15423991616016977
550,2013,0.19811342653336483
550,2014,0.10419583226606194
550,2015,0.18432584527814594
550,2016,0.20778867261445644
550,2017,0.19541571854615716
550,2018,0.15728541286574793
550,2019,0.15186758940037787
550,2020,0.11762766654904556
551,2004,0.24500073904924793
551,2005,0.10344903737656669
551,2006,0.2831724682926973
551,2007,0.09504942019956936
551,2008,0.1987928093942338
551,2009,0.2797362949085426
551,2010,0.18349413430237346
551,2011,0.14112451355903705
551,2012,0.2361719685373757
551,2013,0.16589433249700167
551,2014,0.16039486741591816
551,2015,0.16521003934745984
551,2016,0.14426758021998412
551,2017,0.192635177919889
551,2018,0.16214554254528527
551,2019,0.1736153566228877
551,2020,0.1221962052248878
552,2004,0
552,2005,0
552,2006,0
552,2007,0
552,2008,0
552,2009,0
552,2010,0
552,2011,0
552,2012,0
552,2013,0
552,2014,0
552,2015,0
552,2016,0
552,2017,0
552,2018,0
552,2019,0
552,2020,0
553,2004,0
553,2005,0.6946258109041724
553,2006,0.552817409334682
553,2007,0.3004902986824686
553,2008,0.5658712161338884
553,2009,0.2718920457719859
553,2010,0.33630196379774224
553,2011,0.16260262198608832
553,2012,0.21086021801997415
553,2013,0.2873789387744938
553,2014,0.2208676430718952
553,2015,0.25856155546730514
553,2016,0.19083710084914865
553,2017,0.2556388012469968
553,2018,0.15059104150513353
553,2019,0.06421385066282555
553,2020,0.18138466051424054
554,2004,0
554,2005,0
554,2006,0
554,2007,0
554,2008,0.2591782472983954
554,2009,0.77131630663653
554,2010,0.5832053801789351
554,2011,0.348634961235714
554,2012,0.43385167614500136
554,2013,0.5011307120496419
554,2014,0.3565509821510768
554,2015,0.20678135370550446
554,2016,0.27218969970893436
554,2017,0.24587425712097713
554,2018,0.14214066876409867
554,2019,0.2829521615935535
554,2020,0.16023279740901658
555,2004,0.2646900136056273
555,2005,0.25405720745013116
555,2006,0.32962182829328357
555,2007,0.2843373595736097
555,2008,0.42330009135818675
555,2009,0.23166968637819146
555,2010,0.21545826959090922
555,2011,0.2647504890561203
555,2012,0.1749591856121564
555,2013,0.19023097035450467
555,2014,0.15250732138824236
555,2015,0.20439306496768384
555,2016,0.22812618918780644
555,2017,0.19818888336978388
555,2018,0.13214783628064053
555,2019,0.1405992476709473
555,2020,0.1261657056036697
556,2004,0.3105707454209701
556,2005,0.20271999112734873
556,2006,0.1948534153480726
556,2007,0.17008110284046685
556,2008,0.19138763078500792
556,2009,0.17002905362100504
556,2010,0.14775601102321287
556,2011,0.30593532847251326
556,2012,0.1761879340631902
556,2013,0.17638176193442864
556,2014,0.16482221495499683
556,2015,0.15227184599421462
556,2016,0.18333617066448823
556,2017,0.20557485083647653
556,2018,0.13842508013777816
556,2019,0.11726208292738241
556,2020,0.08990038546525059
557,2004,0.5063825339483421
557,2005,0.38153232405110377
557,2006,0.24617437706292614
557,2007,0.30733278358126837
557,2008,0.3910906925945086
557,2009,0.22983294150746789
557,2010,0.15272184589687032
557,2011,0.1432413513958922
557,2012,0.18322157653280444
557,2013,0.20031275147782265
557,2014,0.2015349467821164
557,2015,0.20067230047561513
557,2016,0.20081134511989723
557,2017,0.2318249783948057
557,2018,0.17123506228379656
557,2019,0.11962138229523214
557,2020,0.15313317683139557
558,2004,0
558,2005,0
558,2006,0
558,2007,0
558,2008,0
558,2009,0.5312947608220848
558,2010,0.17829055054450285
558,2011,0.6040853967915842
558,2012,0.33449036347150035
558,2013,0.6471445680007164
558,2014,0.16214259735353942
558,2015,0.15290755070399284
558,2016,0.21019174310870625
558,2017,0.2729056796779301
558,2018,0.15374493615351228
558,2019,0.35671103107072955
558,2020,0.10053859302975024
559,2004,0
559,2005,0
559,2006,0
559,2007,0.4862251084667584
559,2008,0
559,2009,0
559,2010,0
559,2011,0.3348058211821954
559,2012,0.49768373158528445
559,2013,0.17899730653372956
559,2014,0.21761773176262356
559,2015,0.45978010588309826
559,2016,0.2630157253121274
559,2017,0.2635045451344403
559,2018,0.1521158374336166
559,2019,0.17708249683100669
559,2020,0.26226096701407803
560,2004,0.14363907696417433
560,2005,0.26434883265996784
560,2006,0.224510421972431
560,2007,0.22231812681912222
560,2008,0.25417638429253836
560,2009,0.2147659907589786
560,2010,0.22705100795468458
560,2011,0.15110253721406103
560,2012,0.16170115613269512
560,2013,0.15975597645259978
560,2014,0.1623429497166392
560,2015,0.17619183683991646
560,2016,0.14266464425571215
560,2017,0.1662613417940751
560,2018,0.1304332909552289
560,2019,0.13507409455833164
560,2020,0.13762797617626796
561,2004,0.2278863660859138
561,2005,0.2999771599624276
561,2006,0.1929781983674676
561,2007,0.3374577465384486
561,2008,0.33412133833279356
561,2009,0.18801349526291128
561,2010,0.13104169164641313
561,2011,0.18296279980983557
561,2012,0.16457312382360745
561,2013,0.1899035586422713
561,2014,0.20112227137497993
561,2015,0.14332748277997934
561,2016,0.1578884714984095
561,2017,0.17676583058122636
561,2018,0.1433073955943025
561,2019,0.11719489472686624
561,2020,0.11187877324831334
563,2004,0.116038651306414
563,2005,0.09434711632050279
563,2006,0.21776757986710296
563,2007,0.18281843006224838
563,2008,0.20548969445490958
563,2009,0.18257367386615447
563,2010,0.13099752551912003
563,2011,0.1395425300883723
563,2012,0.14701665533560498
563,2013,0.14731098787384328
563,2014,0.17621437329638784
563,2015,0.14867451548919933
563,2016,0.1872579190330391
563,2017,0.1673639196362016
563,2018,0.14912182704846796
563,2019,0.14990723115548032
563,2020,0.13209987310119992
564,2004,0.7394719042563094
564,2005,0.5454545388855495
564,2006,0.43936007225347723
564,2007,0.3990306844491255
564,2008,0.25550153072063997
564,2009,0.3704141207854444
564,2010,0.4056466418502546
564,2011,0.3690016711173514
564,2012,0.36503318959069425
564,2013,0.3947435943831577
564,2014,0.2952714592501736
564,2015,0.2534653346144636
564,2016,0.35781974784840914
564,2017,0.24237296569637087
564,2018,0.18118225093636106
564,2019,0.18777096608995003
564,2020,0.21030224289157443
565,2004,0
565,2005,0
565,2006,0
565,2007,0
565,2008,0.31231499102700516
565,2009,0
565,2010,0.25853244168006573
565,2011,0.39203498452531726
565,2012,0.1791282107634386
565,2013,0.0906569621639497
565,2014,0.24556181590337725
565,2015,0.43546590237840416
565,2016,0.18118967436125266
565,2017,0.24224604639725622
565,2018,0.2493895683293409
565,2019,0.10759682569350086
565,2020,0.11148938012909915
566,2004,0.3673212883213972
566,2005,0.2797674254748225
566,2006,0.3301132082925469
566,2007,0.2901480510758349
566,2008,0.2581688555224053
566,2009,0.1702581768156768
566,2010,0.27769424650269664
566,2011,0.17424976188961724
566,2012,0.18275156044845411
566,2013,0.1938498602862649
566,2014,0.17262486083254155
566,2015,0.17594639836900333
566,2016,0.2139431835994959
566,2017,0.1929751344478701
566,2018,0.14738725307508999
566,2019,0.15990176914198886
566,2020,0.139438861845507
567,2004,0.20342929554047579
567,2005,0.18023650680137077
567,2006,0.20597501538656238
567,2007,0.2858829349452638
567,2008,0.2689173587315888
567,2009,0.23586392645380652
567,2010,0.20654244010453673
567,2011,0.17666201718568172
567,2012,0.20267730408379578
567,2013,0.20046296027444388
567,2014,0.18738875153775764
567,2015,0.21239819813651592
567,2016,0.20413992484423532
567,2017,0.19756797406310872
567,2018,0.17626479104404902
567,2019,0.13010342471508243
567,2020,0.12096242169317374
569,2004,0
569,2005,0
569,2006,0.4450311038369427
569,2007,0.5608654229677243
569,2008,0.3040300326751323
569,2009,0.3319151932025009
569,2010,0.188629365763717
569,2011,0.24551163907505036
569,2012,0.38528175513408275
569,2013,0.16584104985211137
569,2014,0.29797377413038034
569,2015,0.2689539729433033
569,2016,0.20968215282107686
569,2017,0.2725149527938626
569,2018,0.2126310025648749
569,2019,0.14135162841882418
569,2020,0.1521770555823761
570,2004,0
570,2005,0.5262208840304704
570,2006,0.16495533028313017
570,2007,0.10798418093587606
570,2008,0.4891179492474022
570,2009,0.39823865225034816
570,2010,0.3606491318409133
570,2011,0.27032243643666676
570,2012,0.3788421111760012
570,2013,0.3110304346615287
570,2014,0.2317594316384236
570,2015,0.32020425857856166
570,2016,0.2540879242467325
570,2017,0.24547474131830602
570,2018,0.16812079355831383
570,2019,0.17047144170276132
570,2020,0.12713554871665259
571,2004,0
571,2005,0.23840417312597914
571,2006,0.30954200040028973
571,2007,0.12432059978696867
571,2008,0.2144334510331301
571,2009,0.1407216567617724
571,2010,0.21648493054550233
571,2011,0.1961916417269814
571,2012,0.189363012813455
571,2013,0.1315564648985814
571,2014,0.16654627313921136
571,2015,0.15912991219039768
571,2016,0.15335767015372118
571,2017,0.1810852170644554
571,2018,0.15335973766505645
571,2019,0.12163420507079731
571,2020,0.09366372238318964
573,2004,0.5298748726348035
573,2005,0.20359462228108838
573,2006,0.36773262800453915
573,2007,0.11613871314380507
573,2008,0.44715865289829315
573,2009,0.17238173547188274
573,2010,0.16378656889571697
573,2011,0.1923731831475203
573,2012,0.15571150857983027
573,2013,0.19127877631797327
573,2014,0.07609163214531212
573,2015,0.07344377519372998
573,2016,0.1747749611969588
573,2017,0.2042357918368206
573,2018,0.1898216165657528
573,2019,0.16679676315878675
573,2020,0.14167903053869144
574,2004,0.3744426423747822
574,2005,0.5496340122722905
574,2006,0.5682227422584555
574,2007,0.39236628631758996
574,2008,0.4650771658944173
574,2009,0.20622379392824766
574,2010,0.16858623632484318
574,2011,0.26386617623780007
574,2012,0.2538732396598935
574,2013,0.1874955690422878
574,2014,0.24433226270521324
574,2015,0.20781181311481797
574,2016,0.2547302367897876
574,2017,0.2745261693139441
574,2018,0.23986545737291537
574,2019,0.1574669106958495
574,2020,0.17392534473510102
575,2004,0
575,2005,0.3845658586750667
575,2006,0.2777870131941853
575,2007,0.24238378356885898
575,2008,0.24276599412891392
575,2009,0.2765663182251813
575,2010,0.30612663240919935
575,2011,0.261921743341111
575,2012,0.17895548566257954
575,2013,0.22714052349661265
575,2014,0.26172590176589366
575,2015,0.2817415662341072
575,2016,0.24512216234137582
575,2017,0.2352614540784525
575,2018,0.1682848691458387
575,2019,0.2191726979394506
575,2020,0.14100074819514413
576,2004,0
576,2005,0.7070955753849101
576,2006,0
576,2007,0.2612323639171304
576,2008,0.5729118437453787
576,2009,0.18126664427062655
576,2010,0
576,2011,0.20234756002148152
576,2012,0.31672132699243877
576,2013,0.2888668028132299
576,2014,0.2332175451819371
576,2015,0.17812977448206774
576,2016,0.1586012108488891
576,2017,0.2596359348655031
576,2018,0.16105799797374293
576,2019,0.1486001079329008
576,2020,0.1393632567833537
577,2004,0.21764510487321045
577,2005,0.31590482811017206
577,2006,0.4209149754935458
577,2007,0.42829925230408855
577,2008,0.42869514406044795
577,2009,0.30106840059220347
577,2010,0.35730092287124976
577,2011,0.2755177132376934
577,2012,0.23912245629664447
577,2013,0.2050789977690139
577,2014,0.18662391657124344
577,2015,0.251543440327037
577,2016,0.24545106246251344
577,2017,0.24263943042286934
577,2018,0.18234612408325707
577,2019,0.17211476804834674
577,2020,0.1293596634262444
581,2004,0
581,2005,0.6895550453380936
581,2006,0.8448713502451484
581,2007,0.579439188865301
581,2008,0.27221753011210487
581,2009,0.47513239549406866
581,2010,0.3516896934472444
581,2011,0.1313566899301344
581,2012,0.21156229827420434
581,2013,0.3515320176720163
581,2014,0.36430547795045143
581,2015,0.43084748497818837
581,2016,0.14439799262957626
581,2017,0.2990906435062389
581,2018,0.264617397017906
581,2019,0.1828242951999987
581,2020,0.20115107339739544
582,2004,0.6408566461350655
582,2005,0
582,2006,0.359679053362426
582,2007,0.4106574050151706
582,2008,0.15811512658754512
582,2009,0.18208743047892825
582,2010,0
582,2011,0.21021888158746516
582,2012,0.22798227295346293
582,2013,0.12719617948683948
582,2014,0.22054428375001206
582,2015,0.24088960210382418
582,2016,0.12712778097707986
582,2017,0.09197416139578483
582,2018,0.06181687757730997
582,2019,0.13007175552865824
582,2020,0.11612960313709993
583,2004,0
583,2005,0
583,2006,0
583,2007,0
583,2008,0
583,2009,0
583,2010,0
583,2011,0
583,2012,0
583,2013,0
583,2014,0
583,2015,0
583,2016,0
583,2017,0
583,2018,0
583,2019,0
583,2020,0
584,2004,0.1327426160923384
584,2005,0.28364618811982484
584,2006,0.39975954735805885
584,2007,0.21672371997591167
584,2008,0.2864408919113273
584,2009,0.1977708529996656
584,2010,0.19605294364214573
584,2011,0.21746127302319215
584,2012,0.1532334103649906
584,2013,0.15688012559137715
584,2014,0.1127771944139982
584,2015,0.1919481039476046
584,2016,0.19976698622388891
584,2017,0.19576520272696024
584,2018,0.12181900365733712
584,2019,0.07021219935017858
584,2020,0.11991486453171814
588,2004,0
588,2005,0.2410315933383384
588,2006,0.43532006815881874
588,2007,0.35904648326423466
588,2008,0.28171818974678853
588,2009,0.24631269217880125
588,2010,0.15364792382159348
588,2011,0.18387822436693257
588,2012,0.20293489474688275
588,2013,0.21507827113472097
588,2014,0.20469528357811528
588,2015,0.16637941945128043
588,2016,0.16875860215859823
588,2017,0.18448251506519156
588,2018,0.17540328694865567
588,2019,0.12579395690396789
588,2020,0.12884377539734485
592,2004,0
592,2005,0.25679890322536936
592,2006,0.44893812713029213
592,2007,0.3235372177859441
592,2008,0.23673156930927927
592,2009,0.37990536053957347
592,2010,0.16256581361707148
592,2011,0.29074480348157283
592,2012,0.15390656610960432
592,2013,0.179520362576597
592,2014,0.12680981104224312
592,2015,0.22091007252871264
592,2016,0.1694324706556083
592,2017,0.20247403645305256
592,2018,0.09360425482552137
592,2019,0.08641769086201498
592,2020,0.11041113167642054
596,2004,0
596,2005,0
596,2006,0
596,2007,0
596,2008,0
596,2009,0
596,2010,0
596,2011,0
596,2012,0.2503630820485298
596,2013,0.14497023978020923
596,2014,0.20156741181808946
596,2015,0.29036514500571725
596,2016,0.38044619564350374
596,2017,0.2439178613779453
596,2018,0.22897313005758538
596,2019,0
596,2020,0.15461641510390087
597,2004,0
597,2005,0
597,2006,0
597,2007,0
597,2008,1.5653665144090052
597,2009,0
597,2010,0
597,2011,0.29629564362640654
597,2012,0.3529398232053339
597,2013,0
597,2014,0.42158535318718493
597,2015,0.34393642341947245
597,2016,0.25468326415897685
597,2017,0.3891457449009668
597,2018,0.11111818370202665
597,2019,0.08161778146768478
597,2020,0.11632100818191053
598,2004,0.6903675019984982
598,2005,0
598,2006,0
598,2007,0.4046212947466094
598,2008,0.5706223352527554
598,2009,0.3526429843664634
598,2010,0
598,2011,0.41722113702649244
598,2012,0.13364462725644288
598,2013,0.2516540400596375
598,2014,0.25314381225145083
598,2015,0.1961949034253822
598,2016,0.28726475998412637
598,2017,0.18719479706842476
598,2018,0.3278949859558393
598,2019,0.2320845067272764
598,2020,0.11686156652321189
600,2004,0
600,2005,0
600,2006,0.32786594568534466
600,2007,0.4055906424675078
600,2008,0.144779789474434
600,2009,0.5276289475681251
600,2010,0.24679499920065437
600,2011,0.2568736475147979
600,2012,0.18920977286696258
600,2013,0.23183760605071455
600,2014,0.17195250472235496
600,2015,0.13105702858658097
600,2016,0.2286378785278142
600,2017,0.23571562021293038
600,2018,0.2056265867689175
600,2019,0.15256425918638203
600,2020,0.12606148369871079
602,2004,0.19113364599755467
602,2005,0.23916251192158988
602,2006,0.20018582134205418
602,2007,0.21386068415456636
602,2008,0.199897478507482
602,2009,0.19251086036159018
602,2010,0.15351614420784296
602,2011,0.18592586171674033
602,2012,0.1957869879436612
602,2013,0.18677054004382831
602,2014,0.16594893146864487
602,2015,0.1708904214047789
602,2016,0.17118283931407952
602,2017,0.1586496730166902
602,2018,0.11628666440525112
602,2019,0.11873575040590009
602,2020,0.10496323868038913
603,2004,0.7962715400037079
603,2005,0
603,2006,0.5424623363188098
603,2007,0.48839333566905174
603,2008,0
603,2009,0
603,2010,0.6041626977356058
603,2011,0.3450546248634682
603,2012,0.283246728211842
603,2013,0.3355089756529841
603,2014,0.173440269101612
603,2015,0.23863515533807125
603,2016,0.21812861374387377
603,2017,0.25768440645691093
603,2018,0.12028867070767342
603,2019,0.16452890437865472
603,2020,0.21474297740311285
604,2004,0.16141875603428657
604,2005,0
604,2006,0.22767937572995936
604,2007,0.20187627960851318
604,2008,0.343083100396645
604,2009,0.16041963916498275
604,2010,0.12793867015459276
604,2011,0.225917921432911
604,2012,0.19863274363094238
604,2013,0.16457288563655972
604,2014,0.09030286683399193
604,2015,0.19283069147454746
604,2016,0.19865814745986726
604,2017,0.16904153639542607
604,2018,0.13462514878800946
604,2019,0.11784304727513052
604,2020,0.17857926306278601
605,2004,0
605,2005,0
605,2006,0.36020429196243775
605,2007,0.30947688339198376
605,2008,0
605,2009,0
605,2010,0.1399545006212139
605,2011,0.18828949618099924
605,2012,0.2756210578190969
605,2013,0.2191271700819504
605,2014,0.24429600782259608
605,2015,0.15856880280313215
605,2016,0.17360977837853606
605,2017,0.2590617351464573
605,2018,0.13394620464952803
605,2019,0.17579937348093086
605,2020,0.1867335093166737
606,2004,0
606,2005,0
606,2006,0
606,2007,0
606,2008,0.46246632452433223
606,2009,0.3735151234648951
606,2010,0.2435634167910456
606,2011,0.2782738052358389
606,2012,0.18766648083602147
606,2013,0.45643671494624277
606,2014,0.13879682215589528
606,2015,0.18936016034286493
606,2016,0.25475608000937017
606,2017,0.4024468029145387
606,2018,0.2114452647173215
606,2019,0.12262301638637162
606,2020,0.22656747438654665
609,2004,0.3084704522110682
609,2005,0.23744647780988395
609,2006,0.21450074158081553
609,2007,0.2507138061545743
609,2008,0.2839024622801558
609,2009,0.23495237516966155
609,2010,0.22112352806997143
609,2011,0.19315801198936072
609,2012,0.22312949770338406
609,2013,0.20472309504064484
609,2014,0.2365559359405065
609,2015,0.20594478314182915
609,2016,0.20276269835593538
609,2017,0.1880570778021612
609,2018,0.17787389438374002
609,2019,0.14727379671326082
609,2020,0.12831339619592058
610,2004,0.49215930522596957
610,2005,0.28919648127611314
610,2006,0.3389312586372942
610,2007,0
610,2008,0.23589161059246594
610,2009,0.1793946814262147
610,2010,0
610,2011,0.2780746737875528
610,2012,0.2734359857464829
610,2013,0.290480216991128
610,2014,0.1981185348974761
610,2015,0.2443330221444732
610,2016,0.24745325859025943
610,2017,0.17199926298645596
610,2018,0.15061248262535168
610,2019,0.1981700269376165
610,2020,0.12436334819810226
611,2004,0.15606517055237637
611,2005,0
611,2006,0.25856780302217236
611,2007,0.27342415371544687
611,2008,0.3397710700977186
611,2009,0.12696332212326789
611,2010,0.24147997641783878
611,2011,0.07389608038902767
611,2012,0.18611871162766228
611,2013,0.08726878601545875
611,2014,0.10280734333020938
611,2015,0.1522723158182101
611,2016,0.14801322070655407
611,2017,0.15180809324375177
611,2018,0.10087257888450568
611,2019,0.08874961676879602
611,2020,0.11804279059152431
612,2004,0.4211885887816716
612,2005,0.16168620299658737
612,2006,0.30087515491526123
612,2007,0.26714189722130816
612,2008,0.35626605214004115
612,2009,0.2013973936675942
612,2010,0.28448170392218963
612,2011,0.22019298786188038
612,2012,0.23586100461534346
612,2013,0.18834354884074836
612,2014,0.27143946726299034
612,2015,0.2524462408549704
612,2016,0.2524777331364384
612,2017,0.2483964595311571
612,2018,0.24019561610724005
612,2019,0.2082690198847762
612,2020,0.18493674205086472
613,2004,0.10231088090222305
613,2005,0.14729034966287607
613,2006,0.11770604650649232
613,2007,0.1315047899599075
613,2008,0.18092295045017817
613,2009,0.14484179433900746
613,2010,0.14878714600232504
613,2011,0.15220037975464965
613,2012,0.15312586837189282
613,2013,0.15335644527975087
613,2014,0.13389578776201413
613,2015,0.15395779808675755
613,2016,0.1334425831772447
613,2017,0.14022998371753134
613,2018,0.10427532865408427
613,2019,0.10832537405826943
613,2020,0.09823516873507859
616,2004,0.1829124289130639
616,2005,0.2805313698857103
616,2006,0.23970832285666605
616,2007,0.1734125749745326
616,2008,0.2711903036987584
616,2009,0.20957007324401158
616,2010,0.17714864905385858
616,2011,0.19431572724644247
616,2012,0.17532220594526726
616,2013,0.19171547685325055
616,2014,0.15066773652081675
616,2015,0.15501436352488135
616,2016,0.15804715691694304
616,2017,0.163096250026082
616,2018,0.14169340504676747
616,2019,0.1261492444548764
616,2020,0.1280389506860131
617,2004,0.17019477303142322
617,2005,0.23844438346049435
617,2006,0.28016878477682744
617,2007,0.18606755839385827
617,2008,0.21838517066979501
617,2009,0.16148081243685503
617,2010,0.1340666664979154
617,2011,0.15976668558036994
617,2012,0.13905507553028654
617,2013,0.17628925838512818
617,2014,0.15447281963536905
617,2015,0.130952448416795
617,2016,0.13597901827617925
617,2017,0.15338402279476673
617,2018,0.14178377989986363
617,2019,0.13301351913574383
617,2020,0.10610626208120658
618,2004,0.20492384283013615
618,2005,0.2345784144899622
618,2006,0.20197788196253427
618,2007,0.18343121640747542
618,2008,0.22247952899323295
618,2009,0.18965056379543413
618,2010,0.16163663688245183
618,2011,0.1722608076993578
618,2012,0.17673762956348651
618,2013,0.17016590312837374
618,2014,0.14737864290997946
618,2015,0.1619249813416139
618,2016,0.14495595796823565
618,2017,0.16659235575992307
618,2018,0.14405801536577803
618,2019,0.11377369332449759
618,2020,0.11134970833596398
619,2004,0
619,2005,0.3373706513642887
619,2006,0.28928360675435083
619,2007,0.14450442923441767
619,2008,0.31192756039936126
619,2009,0.24045056779651425
619,2010,0.20069338662170905
619,2011,0.1505251825368145
619,2012,0.19517544197283682
619,2013,0.21161688972953624
619,2014,0.1776758973933799
619,2015,0.18489106304840508
619,2016,0.17656057466900205
619,2017,0.2055188371287999
619,2018,0.17359786647524056
619,2019,0.1074349789357826
619,2020,0.15702781519083486
622,2004,0.492047601600397
622,2005,0.2796024466581565
622,2006,0.24734982021433266
622,2007,0.2744839484686057
622,2008,0.2524028819724659
622,2009,0.2940161489967259
622,2010,0.21559517626760158
622,2011,0.23586734462862802
622,2012,0.2613543692551341
622,2013,0.23648104207565263
622,2014,0.2484491741075699
622,2015,0.17546063589531155
622,2016,0.2385124281074449
622,2017,0.1952659499128148
622,2018,0.16589422223716963
622,2019,0.1283843291824397
622,2020,0.13978303694744051
623,2004,0.15210957679880152
623,2005,0.1892516822221439
623,2006,0.1740859864901011
623,2007,0.1678905532477445
623,2008,0.21459816218524322
623,2009,0.15315333812414364
623,2010,0.1362959365373124
623,2011,0.20034823903473312
623,2012,0.19273357547339443
623,2013,0.18189567138396048
623,2014,0.17195699869881495
623,2015,0.17053545364229517
623,2016,0.16589196249811733
623,2017,0.16140441867181834
623,2018,0.1395146519719829
623,2019,0.12374858303903563
623,2020,0.11843934103030879
624,2004,0.8478954585373948
624,2005,0
624,2006,0
624,2007,0.17091259418960963
624,2008,0.2413101822070065
624,2009,0.28793100231124785
624,2010,0.1325968566880823
624,2011,0.18729190889965666
624,2012,0.18610432799172066
624,2013,0.19420933030938844
624,2014,0.062171733367307455
624,2015,0.08769354407048986
624,2016,0.11857897374165034
624,2017,0.21363712989354067
624,2018,0.11529619529966115
624,2019,0.089623775178962
624,2020,0.12256815023052142
625,2004,0.2511605860733211
625,2005,0.11467256577464507
625,2006,0.22811512059963265
625,2007,0.20917244292876058
625,2008,0.2302116246246747
625,2009,0.24152313391628036
625,2010,0.1665073362652001
625,2011,0.20472268463986915
625,2012,0.1562431624933443
625,2013,0.18397156738871484
625,2014,0.2548679577739499
625,2015,0.2160442661929671
625,2016,0.21867421341719745
625,2017,0.18090086110833944
625,2018,0.15757759880254762
625,2019,0.1270339680448977
625,2020,0.15386729992716697
626,2004,0
626,2005,0
626,2006,3.036845157356146
626,2007,0
626,2008,0
626,2009,0
626,2010,0
626,2011,0
626,2012,0
626,2013,0.31716351852862495
626,2014,0.364059299317265
626,2015,0.12068800162132402
626,2016,0.3523029906473475
626,2017,0.22897067509923313
626,2018,0.23902556388061214
626,2019,0.2083244445920779
626,2020,0.09189181805441615
627,2004,0
627,2005,0
627,2006,0
627,2007,0.31137292642522885
627,2008,0.5293960540643505
627,2009,0.20188422095534983
627,2010,0.28150247758611074
627,2011,0.11708332593006021
627,2012,0.1486429200465196
627,2013,0.1958216156471407
627,2014,0.11119360734558327
627,2015,0.19251862259325783
627,2016,0.34713757801124445
627,2017,0.22365515179642328
627,2018,0.22532044066581608
627,2019,0.08334506361455657
627,2020,0.1601891573149166
628,2004,0
628,2005,0.526307332214143
628,2006,0
628,2007,0.7754470733910427
628,2008,0.826846861185065
628,2009,0.21944791267839686
628,2010,0.21771419775373171
628,2011,0.3387095782413794
628,2012,0.28935201600963706
628,2013,0.22207179708739352
628,2014,0.19914417228390077
628,2015,0.3225941610935806
628,2016,0.2726842408415351
628,2017,0.22016599922139438
628,2018,0.1957802419062342
628,2019,0.1640127603619416
628,2020,0.19326747184191606
630,2004,0.22757847754788765
630,2005,0.29137950763402265
630,2006,0.2545720104950868
630,2007,0.1683029045515631
630,2008,0.2674209907134739
630,2009,0.2980809415185338
630,2010,0.2629959097397638
630,2011,0.22246961410234195
630,2012,0.216794685919766
630,2013,0.1856880783700943
630,2014,0.1945958562323757
630,2015,0.19764009689479714
630,2016,0.2220201904251999
630,2017,0.23674611492570052
630,2018,0.2070810330129764
630,2019,0.15331677213001893
630,2020,0.16365562622633675
631,2004,0.5717796510840553
631,2005,0
631,2006,0
631,2007,0
631,2008,0.27190822122228236
631,2009,0
631,2010,0
631,2011,0.21046307254186294
631,2012,0.2059680873858747
631,2013,0.1637186096404818
631,2014,0.09470029469513302
631,2015,0.19067972457234114
631,2016,0.09579426086284269
631,2017,0.1258742099495617
631,2018,0.07712086314268725
631,2019,0.10945550558910463
631,2020,0.11450268979282327
632,2004,0.5973510023543949
632,2005,0.2915903436441561
632,2006,0.7364655908450661
632,2007,0.16326065227521894
632,2008,0.30223339891509426
632,2009,0.1736088100481229
632,2010,0.14705407848135735
632,2011,0.358423826103453
632,2012,0.275999459267344
632,2013,0.3120051357833157
632,2014,0.2397809925001104
632,2015,0.26736520851732215
632,2016,0.23130422005199547
632,2017,0.3112740983894421
632,2018,0.20950832116728962
632,2019,0.22555356970803092
632,2020,0.18725762026844922
633,2004,0
633,2005,0
633,2006,0
633,2007,0
633,2008,0.2001265197654362
633,2009,0.18417380774895728
633,2010,0.39503400265834654
633,2011,0.25827683107640687
633,2012,0.16998236594273589
633,2013,0.16441011993090487
633,2014,0.23454730205335012
633,2015,0.08626493290944584
633,2016,0.19317421266468984
633,2017,0.1801541412757651
633,2018,0.18125520561464026
633,2019,0.15494592561023154
633,2020,0.12555565119893217
634,2004,0
634,2005,0
634,2006,0
634,2007,0.22430690274480003
634,2008,0.17305653247511943
634,2009,0.25897836317197015
634,2010,0.28266398365186696
634,2011,0.191582128437011
634,2012,0.1383027881920939
634,2013,0.20854123835338584
634,2014,0.16886637865730103
634,2015,0.15099642964913304
634,2016,0.1656900245134434
634,2017,0.26889245331942757
634,2018,0.14800468156179286
634,2019,0.12375535619125362
634,2020,0.11199521917696059
635,2004,0.3211365765488722
635,2005,0.11965292527435098
635,2006,0.20148110942297057
635,2007,0.1363223906751031
635,2008,0.1965976191340553
635,2009,0.14814711008168835
635,2010,0.14269341037921388
635,2011,0.1725843215934725
635,2012,0.15658217694885826
635,2013,0.15944529853974646
635,2014,0.18360550399249476
635,2015,0.15704051892278684
635,2016,0.128184667609041
635,2017,0.1298844922989917
635,2018,0.09443540150965112
635,2019,0.113794136358448
635,2020,0.1086535785752588
636,2004,0
636,2005,0.3942180269132886
636,2006,0
636,2007,0.20776294672210896
636,2008,0.21014020353003168
636,2009,0.24593718750037694
636,2010,0.08213149199007398
636,2011,0.10522417208876679
636,2012,0.1340749276717204
636,2013,0.0953404081723842
636,2014,0.06160923520836546
636,2015,0.05026874936983238
636,2016,0.11213960691380372
636,2017,0.10025947974324102
636,2018,0.08137540401348303
636,2019,0.0720032288567282
636,2020,0.06476178987784643
637,2004,0.30556705608072166
637,2005,0.20348418232847035
637,2006,0.5152247978379941
637,2007,0.3329802224055902
637,2008,0.30758666021080183
637,2009,0.12836612170447398
637,2010,0.2846001017859154
637,2011,0.13776651594947012
637,2012,0.12017422815830142
637,2013,0.12882325969022784
637,2014,0.18362528170869152
637,2015,0.20209853824515056
637,2016,0.16554356375766566
637,2017,0.16783963266292595
637,2018,0.1088351184091625
637,2019,0.10844858865101098
637,2020,0.11582052967802563
638,2004,1.4392022575018923
638,2005,1.9691463072461588
638,2006,0
638,2007,0
638,2008,0
638,2009,0
638,2010,0.18228000944544934
638,2011,0.2672329459664756
638,2012,0.36310352955655123
638,2013,0
638,2014,0.40318478486049697
638,2015,0.24288948014369477
638,2016,0.20806702490321935
638,2017,0.12799509135688472
638,2018,0.18581578625482456
638,2019,0.3191211866682511
638,2020,0.12351669176798226
639,2004,0
639,2005,0
639,2006,0.5629725170019931
639,2007,0.33533837451162807
639,2008,0.1955347588098418
639,2009,0.5022345838894177
639,2010,0.1740424159541659
639,2011,0.29184357710868947
639,2012,0.27919490478682946
639,2013,0.24356946197129153
639,2014,0.17104942095475403
639,2015,0.22371054525277875
639,2016,0.2995298390635524
639,2017,0.3504337891124086
639,2018,0.24383034712020202
639,2019,0.18400073129060301
639,2020,0.14135228340791844
640,2004,0.20130970329766748
640,2005,0.10017447594767202
640,2006,0.2861347215600627
640,2007,0.2750159003667446
640,2008,0.21352278460981775
640,2009,0.21283397983874733
640,2010,0.13912645265191786
640,2011,0.22527321983336412
640,2012,0.19725681588922653
640,2013,0.18098007994185406
640,2014,0.22781436243151093
640,2015,0.21082641051637055
640,2016,0.19365150641188209
640,2017,0.22350429908299901
640,2018,0.17192432453858014
640,2019,0.12264247087486711
640,2020,0.14587738494677746
641,2004,0.2255679013288437
641,2005,0.118716394271427
641,2006,0.2851514760894413
641,2007,0.20730917924669015
641,2008,0.21469137729474325
641,2009,0.12770626280284014
641,2010,0.1112947387976954
641,2011,0.1742158669316233
641,2012,0.18038392537062645
641,2013,0.17131401723476503
641,2014,0.17808039312523985
641,2015,0.1196249831538302
641,2016,0.15001010830917264
641,2017,0.14444074890990283
641,2018,0.11715792093719365
641,2019,0.12280180254880971
641,2020,0.11239383025513636
642,2004,0
642,2005,0.3330388625246947
642,2006,0.2447489628710762
642,2007,0.4483629555172383
642,2008,0.45490344065849
642,2009,0.22090135991445478
642,2010,0.37577727313358467
642,2011,0.22452831363663195
642,2012,0.23671059454773694
642,2013,0.21302113747154588
642,2014,0.2628526808915024
642,2015,0.22148093382049758
642,2016,0.21776476660578561
642,2017,0.20172456683043982
642,2018,0.08145289660333845
642,2019,0.13106566242434986
642,2020,0.14999519936201955
643,2004,0
643,2005,0
643,2006,0
643,2007,0.2893500234723147
643,2008,0
643,2009,0.3577546977706301
643,2010,0.17078736530171434
643,2011,0.15523934679230433
643,2012,0.22773027304976
643,2013,0.3712055998485317
643,2014,0.14014298597936248
643,2015,0.13911430822936335
643,2016,0.3441184219161114
643,2017,0.2105290046749456
643,2018,0.15773966437850703
643,2019,0.13228013373451997
643,2020,0.19626475772939012
644,2004,0
644,2005,0
644,2006,0
644,2007,0.40112030590834474
644,2008,0.8361821494274895
644,2009,0.2311287624128344
644,2010,0.5192108063021197
644,2011,0.2051988596464156
644,2012,0.16338604355077768
644,2013,0.37826055046846613
644,2014,0.35249771760850535
644,2015,0.34943389301090644
644,2016,0.3515914739054648
644,2017,0.23286747672706082
644,2018,0.2621565138553878
644,2019,0.1171024104567923
644,2020,0.18555892513909317
647,2004,0
647,2005,0
647,2006,0
647,2007,0
647,2008,0
647,2009,0
647,2010,0
647,2011,0.5031001772646306
647,2012,0.26401830503288287
647,2013,0.3193532005705674
647,2014,0.09153980949105116
647,2015,0.14636703281801314
647,2016,0.23252550404188763
647,2017,0.3442811851044097
647,2018,0.2882153097517191
647,2019,0.19157053843787117
647,2020,0.10221574351878657
648,2004,0
648,2005,0.32111288253997033
648,2006,0.3736316616756208
648,2007,0.23695480673352057
648,2008,0.2685675823102766
648,2009,0.1453805814123908
648,2010,0.10542688501387865
648,2011,0.2012222104305516
648,2012,0.18605910302008774
648,2013,0.16786255444983933
648,2014,0.24600443794584087
648,2015,0.16642457191907853
648,2016,0.20796294703345067
648,2017,0.20958413032270543
648,2018,0.14189932855230758
648,2019,0.14265939208080014
648,2020,0.10444355750198797
649,2004,0
649,2005,0.1868789674254413
649,2006,0.3129936387032506
649,2007,0.18440435160968088
649,2008,0.18271168058974765
649,2009,0.28578909571319866
649,2010,0.12255194259028444
649,2011,0.18877123286484973
649,2012,0.19095079197324508
649,2013,0.2151663216695383
649,2014,0.2288998013708149
649,2015,0.2380433064865189
649,2016,0.24563961037201162
649,2017,0.22037854041340416
649,2018,0.161423232678392
649,2019,0.13333011564398634
649,2020,0.13938386881960527
650,2004,0.179717771930579
650,2005,0.34204675872785006
650,2006,0.18692156832066784
650,2007,0.17279118791798412
650,2008,0.26834247868661415
650,2009,0.15566489051650448
650,2010,0.22833093723930115
650,2011,0.15495937273398747
650,2012,0.1748316948173386
650,2013,0.21901943834034504
650,2014,0.202095587991517
650,2015,0.18872701114752288
650,2016,0.15462468575578314
650,2017,0.18920039043240702
650,2018,0.15920770821002259
650,2019,0.1363126546328901
650,2020,0.1538772781322025
651,2004,0.3094738024305673
651,2005,0.5702374410668978
651,2006,0.18175745178628744
651,2007,0.5369464907503954
651,2008,0.45125860270732415
651,2009,0.33965648220825123
651,2010,0.26257216350094503
651,2011,0.11861406601826593
651,2012,0.16703951124844418
651,2013,0.23439650583440524
651,2014,0.1518207275855117
651,2015,0.15639829426561472
651,2016,0.16480947940963425
651,2017,0.19636283618978337
651,2018,0.15067725596519974
651,2019,0.18783298090244807
651,2020,0.11043774462643474
652,2004,0.2422870606757718
652,2005,0.3237466933760288
652,2006,0.15812339002061984
652,2007,0.14758455255335576
652,2008,0.16917533838569726
652,2009,0.18423766108896994
652,2010,0.11270490623765499
652,2011,0.1498927052689444
652,2012,0.2070157195779517
652,2013,0.18807564290049464
652,2014,0.18460165494509748
652,2015,0.17582260486211643
652,2016,0.14668884893166392
652,2017,0.17839047519477239
652,2018,0.1243169731830372
652,2019,0.09926397977871815
652,2020,0.13085835803075704
656,2004,0
656,2005,0.7171039749482749
656,2006,0.8107040463031111
656,2007,0.5613012691942072
656,2008,0.4390235893962357
656,2009,0.17287044525929676
656,2010,0.6430156069991577
656,2011,0.3751252159356198
656,2012,0.32546272448749974
656,2013,0.2307913538137192
656,2014,0.18258158488255638
656,2015,0.214966023052891
656,2016,0.2271554686802635
656,2017,0.2504603808604965
656,2018,0.24593000090144088
656,2019,0.24680086308302865
656,2020,0.23802305555108072
657,2004,0
657,2005,0
657,2006,0
657,2007,0
657,2008,0
657,2009,0
657,2010,0
657,2011,0.41997007792281055
657,2012,0.3428018267146907
657,2013,0.1329533579571618
657,2014,0.2231029560727356
657,2015,0.1309122983291796
657,2016,0.26972988021659794
657,2017,0.2556775790804633
657,2018,0.16573649980351615
657,2019,0.12715974628863663
657,2020,0.1709384869791572
658,2004,0.2768535630295437
658,2005,0.1930714300213725
658,2006,0.16786253993334235
658,2007,0.23347631438023042
658,2008,0.24914429504350885
658,2009,0.22892185656398145
658,2010,0.18214235633579537
658,2011,0.18730073199379757
658,2012,0.1644215262784819
658,2013,0.16055043139975672
658,2014,0.1453819710166594
658,2015,0.13514133242477028
658,2016,0.17391274924854797
658,2017,0.17083611654780376
658,2018,0.14471215436127857
658,2019,0.12176879521467783
658,2020,0.11412279627233755
659,2004,0.05170669196811204
659,2005,0.23371322259013988
659,2006,0.26718349213127907
659,2007,0.2749025567523789
659,2008,0.30780650285214733
659,2009,0.2165312108327124
659,2010,0.1747774129983768
659,2011,0.16318627822559276
659,2012,0.17796776898552213
659,2013,0.24158022244780913
659,2014,0.21315561207826
659,2015,0.21654360345733062
659,2016,0.21121220250787104
659,2017,0.21109282269839583
659,2018,0.1728676502432192
659,2019,0.14181501774836688
659,2020,0.1613232621708567
661,2004,0
661,2005,0
661,2006,0.6001098122771041
661,2007,0.8438815975281517
661,2008,0
661,2009,0
661,2010,0
661,2011,0.15279635274735398
661,2012,0.20497649854489844
661,2013,0.24150662306783974
661,2014,0.2459301141946521
661,2015,0.16857086214041264
661,2016,0.11262470280663898
661,2017,0.3089453158983342
661,2018,0.21098867066010926
661,2019,0.11645758385237648
661,2020,0.13529443962998344
662,2004,0
662,2005,0.4857285752702717
662,2006,0
662,2007,0.3343842011544729
662,2008,0.5020687769841115
662,2009,0.16444347564387246
662,2010,0.12169922156100685
662,2011,0.24649859386897335
662,2012,0.28886718176110093
662,2013,0.28635974905194067
662,2014,0.21188128349483856
662,2015,0.15696964337710298
662,2016,0.33428913472610644
662,2017,0.24494680537482708
662,2018,0.218820999988195
662,2019,0.07021584620539924
662,2020,0.13669815784575842
669,2004,0.08709163355578285
669,2005,0.1731464725781369
669,2006,0.1586898159012144
669,2007,0.15739026944360562
669,2008,0.10170164315793796
669,2009,0.21534120368275408
669,2010,0.15765914454944968
669,2011,0.1397535679610296
669,2012,0.18854154773115023
669,2013,0.20316346817098002
669,2014,0.19531848584613495
669,2015,0.1653180342323368
669,2016,0.11729723812708492
669,2017,0.16291241024658876
669,2018,0.10664288812207495
669,2019,0.11077334244010688
669,2020,0.1008270301840615
670,2004,0
670,2005,0.13018849033627675
670,2006,0.41218070990497546
670,2007,0.21068780191448588
670,2008,0.33681870234617417
670,2009,0.48335189143696894
670,2010,0.24922572816533486
670,2011,0.19703099744710267
670,2012,0.19053266264222135
670,2013,0.17992395754652088
670,2014,0.20844456137450998
670,2015,0.24433429141808985
670,2016,0.1917803371650452
670,2017,0.17907177827505724
670,2018,0.133729759195478
670,2019,0.12472578422656926
670,2020,0.1064828812472367
671,2004,0.15101727355682554
671,2005,0.30234506988804993
671,2006,0.23316712185617958
671,2007,0.13185957470431497
671,2008,0.19007092983101875
671,2009,0.11685864810048249
671,2010,0.19074970332932042
671,2011,0.17192031645912298
671,2012,0.1733360405313399
671,2013,0.23581938845841677
671,2014,0.16740139839019166
671,2015,0.15491232048435294
671,2016,0.15372189238598746
671,2017,0.15038484344073716
671,2018,0.14677595223902845
671,2019,0.13412576792078187
671,2020,0.14456089960084123
673,2004,0
673,2005,0.39919631389793836
673,2006,0.4718815385408981
673,2007,0.7260863436534503
673,2008,0
673,2009,0
673,2010,0.4819893970878119
673,2011,0.14599977729782448
673,2012,0.21048069639553996
673,2013,0.39803129457916864
673,2014,0.22706006650391128
673,2015,0.28599636011129326
673,2016,0.24267331963672412
673,2017,0.2547671720024203
673,2018,0.14485736712918043
673,2019,0.23403018938928266
673,2020,0.1300356153294108
675,2004,0.12133766597352515
675,2005,0.2786805620374523
675,2006,0.17509317587800693
675,2007,0.08037146578962892
675,2008,0.182657254510485
675,2009,0.04150027130102533
675,2010,0.049204147009877144
675,2011,0.2375643814146311
675,2012,0.16996739770240257
675,2013,0.1776250934331318
675,2014,0.12162542211884618
675,2015,0.19694960700016267
675,2016,0.1895204643902008
675,2017,0.17374094013379543
675,2018,0.21713745187828956
675,2019,0.17243022495832278
675,2020,0.1724866637301792
676,2004,0
676,2005,0.4492727500087944
676,2006,0.4296863564248621
676,2007,0.3296915288203932
676,2008,0.27756715040243307
676,2009,0.1155196292585302
676,2010,0.24045211456042997
676,2011,0.2047243720715289
676,2012,0.2303424829369144
676,2013,0.1550087349568911
676,2014,0.2334783307340209
676,2015,0.12973792744609075
676,2016,0.16749267575066706
676,2017,0.2703389894593307
676,2018,0.1557517211428236
676,2019,0.15423448385270772
676,2020,0.18793837039708733
678,2004,0.30186826565973934
678,2005,0.23504937146080437
678,2006,0.19379472691786626
678,2007,0.17831450502724744
678,2008,0.3429546365355352
678,2009,0.27953303593618667
678,2010,0.23520370403864804
678,2011,0.15716398613986415
678,2012,0.17440423005475264
678,2013,0.2790750868694022
678,2014,0.2293372122323935
678,2015,0.2413108904668266
678,2016,0.21415317608444615
678,2017,0.20573797263072666
678,2018,0.14134485877644898
678,2019,0.16495693259775338
678,2020,0.14059604491599623
679,2004,0.13828302264446693
679,2005,0.3050824566523542
679,2006,0.12937900352956863
679,2007,0.1938100027903172
679,2008,0.12675210893031472
679,2009,0.0701438817612345
679,2010,0.11104653921910579
679,2011,0.12838074670372782
679,2012,0.10247928631310131
679,2013,0.117117839027037
679,2014,0.11281885667633061
679,2015,0.13141175873535396
679,2016,0.12638668373646944
679,2017,0.13672011241583368
679,2018,0.09445118726746143
679,2019,0.11155120038210006
679,2020,0.09701058485292781
682,2004,0
682,2005,0.2683616700119773
682,2006,0.2483290473310353
682,2007,0.21669669599839547
682,2008,0.2978670887413434
682,2009,0.23257839447901277
682,2010,0.054675578894272915
682,2011,0.19165238616336483
682,2012,0.19865716819366833
682,2013,0.1966367177928744
682,2014,0.16175652513684288
682,2015,0.15946205784850603
682,2016,0.1960839949594627
682,2017,0.20548869351045562
682,2018,0.12608719611139907
682,2019,0.11089674111655783
682,2020,0.12982020271947303
686,2004,0.12636254348579656
686,2005,0.47722984038511723
686,2006,0.3219505947988249
686,2007,0.2763852022735779
686,2008,0.18653311486090435
686,2009,0.18048851209311598
686,2010,0.16767360408992338
686,2011,0.24715637834978033
686,2012,0.20036624856599805
686,2013,0.22579043970951662
686,2014,0.23141916854100378
686,2015,0.23550087755199745
686,2016,0.19734353053193537
686,2017,0.22002732107048137
686,2018,0.17964693670765106
686,2019,0.13819052535068332
686,2020,0.14164051185959944
687,2004,0
687,2005,0.5386302234173876
687,2006,0.28681735090389016
687,2007,0.3280530736721156
687,2008,0.11617411864808141
687,2009,0.18575207238179198
687,2010,0.17561892185989367
687,2011,0.1228505825373965
687,2012,0.18306544971569155
687,2013,0.19147471447799255
687,2014,0.1287247301565285
687,2015,0.21690672469389066
687,2016,0.16952904288063655
687,2017,0.24450861988508585
687,2018,0.12137958129362683
687,2019,0.15946727185674803
687,2020,0.1379908740381297
691,2004,0.32861200899480597
691,2005,0.24018978743017788
691,2006,0.38107777651550606
691,2007,0.13140435050916263
691,2008,0.19587508848228874
691,2009,0.15993403284842447
691,2010,0.1713111573663875
691,2011,0.19647722268994397
691,2012,0.16107890210621487
691,2013,0.17724711609641963
691,2014,0.2074541626675758
691,2015,0.21727394753122398
691,2016,0.24399370746027932
691,2017,0.23607172406013266
691,2018,0.2094764067989999
691,2019,0.15791236275752563
691,2020,0.1715138013173563
692,2004,0
692,2005,0.8676159879009321
692,2006,1.0618803928155984
692,2007,0.30835744151810734
692,2008,0.3044761751818781
692,2009,0.5318213978855096
692,2010,0.26871133218093113
692,2011,0.22597948751979197
692,2012,0.27584909010510944
692,2013,0.3794342268230982
692,2014,0.3026509395610854
692,2015,0.4241308883171567
692,2016,0.14516045063513403
692,2017,0.22153927777685717
692,2018,0.19246952473501105
692,2019,0.14910878389527088
692,2020,0.17391439042445778
693,2004,0
693,2005,0.27999911756096435
693,2006,0.39415072687796554
693,2007,0.27858354198184504
693,2008,0.20816500047813924
693,2009,0.29271458591757316
693,2010,0.19078680642262952
693,2011,0.20308730687958784
693,2012,0.23013056115700653
693,2013,0.22655569686485733
693,2014,0.2903893157845047
693,2015,0.21201827903752216
693,2016,0.24271825990669232
693,2017,0.19034231455522707
693,2018,0.1867363875422966
693,2019,0.1656869298459338
693,2020,0.14597176526069797
698,2004,0
698,2005,0.35192322873220083
698,2006,0.30547945137351595
698,2007,0.27470629774011474
698,2008,0.3898095115502678
698,2009,0.18026604872097585
698,2010,0.22784327290615472
698,2011,0.16899426995214709
698,2012,0.17221120888571814
698,2013,0.31637312696138775
698,2014,0.18688426124391666
698,2015,0.25368213755191443
698,2016,0.22094512715526599
698,2017,0.25272687188135456
698,2018,0.15495410896625741
698,2019,0.12339010130463708
698,2020,0.12752339384284644
702,2004,0.21473559009258383
702,2005,0.31503618762721747
702,2006,0.25244441432637993
702,2007,0.18935643786756645
702,2008,0.2209668691076497
702,2009,0.1860506538109402
702,2010,0.19648998412957785
702,2011,0.10583359820315334
702,2012,0.09179261857235718
702,2013,0.17120488744761989
702,2014,0.1711636737661057
702,2015,0.12955787809838362
702,2016,0.15110840625273372
702,2017,0.15354809742616046
702,2018,0.1343711674500285
702,2019,0.11132032186244827
702,2020,0.10011383578549582
705,2004,0
705,2005,0.4670194727418747
705,2006,0.29733844634168904
705,2007,0.21776346026402116
705,2008,0.1797347197916959
705,2009,0.24148262769900358
705,2010,0.19470291761297992
705,2011,0.16273144006763204
705,2012,0.21503875649490733
705,2013,0.08329907513990756
705,2014,0.2034452484556187
705,2015,0.11878372135636411
705,2016,0.17491390280682925
705,2017,0.2727384066532471
705,2018,0.17032497272233707
705,2019,0.1324091326987203
705,2020,0.11885368329051667
709,2004,0.3599851774309739
709,2005,0
709,2006,0
709,2007,0.1813637777441132
709,2008,0.355125830397385
709,2009,0.2617345724985825
709,2010,0.2630799724241123
709,2011,0.3579432914779297
709,2012,0.19869031066443854
709,2013,0.2636349076780641
709,2014,0.21444450279658536
709,2015,0.20944021687567493
709,2016,0.1979297464901728
709,2017,0.21304528505779202
709,2018,0.16026217544243365
709,2019,0.1422554205212291
709,2020,0.15813631363762062
710,2004,0
710,2005,1.372877285020364
710,2006,0
710,2007,0
710,2008,0
710,2009,0
710,2010,0
710,2011,0.4948200273680718
710,2012,0.376579726920295
710,2013,0.39797817639721306
710,2014,0.4032985433595973
710,2015,0.18648084641263055
710,2016,0.32740834697462934
710,2017,0.22640123121268174
710,2018,0.15830827472242245
710,2019,0.2309134299502252
710,2020,0.19124595184711224
711,2004,0
711,2005,0
711,2006,0
711,2007,2.0209202581031627
711,2008,0
711,2009,0
711,2010,0
711,2011,0.37177319630042044
711,2012,0.2033800789795549
711,2013,0.14804612904671938
711,2014,0.1779282158467793
711,2015,0.11981202753891847
711,2016,0.24108838717226275
711,2017,0.1778821554930687
711,2018,0.1540835318241802
711,2019,0.1994784280215015
711,2020,0.27701363260523465
716,2004,0.19132490052824064
716,2005,0.3779398080521271
716,2006,0.3213667432437966
716,2007,0.2604912689667145
716,2008,0.21639942254695305
716,2009,0.263097565792262
716,2010,0.2115878548643074
716,2011,0.21152990594381652
716,2012,0.19126128082008403
716,2013,0.2721291692445575
716,2014,0.14541959244466332
716,2015,0.16650231701518758
716,2016,0.17927001839415196
716,2017,0.2534123581331795
716,2018,0.19816840557239154
716,2019,0.12083294395977608
716,2020,0.12906789730584042
717,2004,0
717,2005,0.7689871357337641
717,2006,0.4844737869819768
717,2007,0
717,2008,0.5473086271795519
717,2009,0.22853610961678356
717,2010,0.25517393645388475
717,2011,0.18027859685510164
717,2012,0.14943102732777344
717,2013,0.2501824849965125
717,2014,0.2786937998304181
717,2015,0.19011424486943096
717,2016,0.3002346917600925
717,2017,0.2570206999766824
717,2018,0.12779092036277256
717,2019,0.15585178889149395
717,2020,0.10074380256705337
718,2004,0.20060237223522306
718,2005,0.21858168165903655
718,2006,0.24941805866109037
718,2007,0.3470884347301455
718,2008,0.2516434864536076
718,2009,0.1627372210022156
718,2010,0.19227887893118853
718,2011,0.22480635875377808
718,2012,0.22070377946686284
718,2013,0.18042450324637133
718,2014,0.1978199565475257
718,2015,0.2604097390545549
718,2016,0.28522784947209007
718,2017,0.2584927367808959
718,2018,0.23284278803823208
718,2019,0.15344308832889206
718,2020,0.13791069804391592
722,2004,0.2962312225369799
722,2005,0.2590145676948417
722,2006,0.15428143167718653
722,2007,0.21188429743565884
722,2008,0.20913517007678506
722,2009,0.1379211307358641
722,2010,0.15221703791697216
722,2011,0.17213226120489541
722,2012,0.11629309653087526
722,2013,0.08443767159123397
722,2014,0.14112983671133753
722,2015,0.10379383707079125
722,2016,0.11025308828940682
722,2017,0.12298662390449439
722,2018,0.11562345081219248
722,2019,0.09740701896184205
722,2020,0.10363409049628601
724,2004,0
724,2005,0.274807328119109
724,2006,0.1419999900572004
724,2007,0.22064169155911706
724,2008,0.24207905332673318
724,2009,0.11174047740569755
724,2010,0.16810435631205858
724,2011,0.14256345925899944
724,2012,0.20077772625654655
724,2013,0.1710194785679834
724,2014,0.16313694543818655
724,2015,0.17936387108649288
724,2016,0.14943645012202494
724,2017,0.1535396678702358
724,2018,0.12573859920320704
724,2019,0.13152842078924898
724,2020,0.10913721793599664
725,2004,0.2469100471051239
725,2005,0.23534352193239916
725,2006,0.3080555645832975
725,2007,0.09323224727859827
725,2008,0.14441600674163346
725,2009,0.20805558228702023
725,2010,0.14649593656245488
725,2011,0.15527465059324003
725,2012,0.13700136076477287
725,2013,0.15360768315362808
725,2014,0.12402799696140254
725,2015,0.11371922533017592
725,2016,0.15323183749534153
725,2017,0.11880805416462213
725,2018,0.08744668854266563
725,2019,0.11668170773989733
725,2020,0.11672941101277624
734,2004,0
734,2005,0
734,2006,1.6024220903428412
734,2007,0
734,2008,0.40787887722777205
734,2009,0.1858984821109658
734,2010,0.15116201101921264
734,2011,0.2776688375119751
734,2012,0.2734880545125861
734,2013,0.14392832184997453
734,2014,0.1373016910326198
734,2015,0.26282033490853024
734,2016,0.12942718384524327
734,2017,0.20092035917634757
734,2018,0.12748748961085415
734,2019,0.19999184737839815
734,2020,0.16117343902686435
736,2004,0
736,2005,0.5262012911833969
736,2006,0.6850171638304244
736,2007,0
736,2008,0.26061003870357696
736,2009,0.2542270604188313
736,2010,0.43773799963750615
736,2011,0.222958377330306
736,2012,0.3616311293151979
736,2013,0.4384119335588432
736,2014,0.30160742046597927
736,2015,0.2707440731800526
736,2016,0.19699630149590172
736,2017,0.31815938401676985
736,2018,0.22268428069470136
736,2019,0.24765579111042846
736,2020,0.18829480782240393
737,2004,0
737,2005,0
737,2006,0
737,2007,0
737,2008,0.14014890421505588
737,2009,0.2329376219083893
737,2010,0
737,2011,0.07411454711460047
737,2012,0.21994689290900257
737,2013,0.05319726927667103
737,2014,0.12041483987380577
737,2015,0.0740132589194117
737,2016,0.06113441189746441
737,2017,0.17325119782560633
737,2018,0.11411813548203775
737,2019,0.06571777580122726
737,2020,0.0943975903254854
740,2004,0
740,2005,0
740,2006,0
740,2007,0
740,2008,0
740,2009,0
740,2010,0
740,2011,0
740,2012,0
740,2013,0
740,2014,0
740,2015,0
740,2016,0
740,2017,0
740,2018,0
740,2019,0
740,2020,0
743,2004,0.571067566682791
743,2005,0.21817554775403117
743,2006,0.1874743061487651
743,2007,0.07595367408236242
743,2008,0.2852866013844332
743,2009,0.2489272321547452
743,2010,0.13863402596789576
743,2011,0.12135760347626105
743,2012,0.12032753394021985
743,2013,0.12107822772336703
743,2014,0.18380145333742043
743,2015,0.16471977217786085
743,2016,0.1751344270345876
743,2017,0.1521185403407454
743,2018,0.1011421359871061
743,2019,0.14087711600773828
743,2020,0.11732075545776827
744,2004,0.11367070097615659
744,2005,0.11210004932025604
744,2006,0.15615692117710023
744,2007,0.10188872006994265
744,2008,0.131563900603997
744,2009,0.07228526087822153
744,2010,0.08755659101020433
744,2011,0.07400443549699022
744,2012,0.0843143579624733
744,2013,0.0880702151667423
744,2014,0.09108697493546156
744,2015,0.08212471196808051
744,2016,0.08906947479119144
744,2017,0.09027919001431542
744,2018,0.07507059518467685
744,2019,0.06365289829378346
744,2020,0.0583264135694909
745,2004,0
745,2005,0
745,2006,0
745,2007,0
745,2008,0.4615039146950142
745,2009,0.20971315916880054
745,2010,0.2700718575703122
745,2011,0.15480902452119527
745,2012,0.06151927268251874
745,2013,0.39339503247369434
745,2014,0.17732652223498863
745,2015,0.3037061234994611
745,2016,0.1154039604805208
745,2017,0.13947580862205322
745,2018,0.08394033453517483
745,2019,0.23325130995362936
745,2020,0.17282385845942091
746,2004,0
746,2005,0
746,2006,0.5489004013468735
746,2007,0.1449156015534275
746,2008,0.3712119156318793
746,2009,0.34007191173353624
746,2010,0.39029259999079335
746,2011,0.30489380370562447
746,2012,0.13260393428892794
746,2013,0.16171941993385108
746,2014,0.18223669231186107
746,2015,0.2845020944068531
746,2016,0.1868306692764016
746,2017,0.225195126293653
746,2018,0.173455094943379
746,2019,0.12295268944237622
746,2020,0.1896543540588537
747,2004,0
747,2005,0
747,2006,0
747,2007,0
747,2008,0
747,2009,0
747,2010,0
747,2011,0.19943912011631396
747,2012,0.40445437513380045
747,2013,0.23126219373560256
747,2014,0.23565367216504202
747,2015,0.10323248372141672
747,2016,0
747,2017,0.17025453496160325
747,2018,0.17587805956247643
747,2019,0
747,2020,0
749,2004,0
749,2005,0
749,2006,0.6659551076642508
749,2007,0
749,2008,0
749,2009,0
749,2010,0
749,2011,0.08341834791055955
749,2012,0.06775700935827136
749,2013,0.1454743793353831
749,2014,0.14160487824347623
749,2015,0.10553257795441488
749,2016,0.05890047496807098
749,2017,0.10230922044739722
749,2018,0.09572872856493228
749,2019,0.06568004431914451
749,2020,0.049026391017973764
751,2004,0.1183108598753953
751,2005,0.15599700167850158
751,2006,0.13075872433676466
751,2007,0.11299263160109102
751,2008,0.17902338389366898
751,2009,0.12669658143036283
751,2010,0.10391401256938253
751,2011,0.11686436795183039
751,2012,0.12535785408757555
751,2013,0.1355179243655057
751,2014,0.13454306709866168
751,2015,0.13018077114405013
751,2016,0.12723664132918877
751,2017,0.13465893534990817
751,2018,0.1181252598323978
751,2019,0.09136524485682837
751,2020,0.08601224646523949
752,2004,0.087160578211049
752,2005,0.15898001645739812
752,2006,0.1246496996664363
752,2007,0.12880035573592774
752,2008,0.11545143309440213
752,2009,0.17908529572225418
752,2010,0.09544892570327985
752,2011,0.10376574726664158
752,2012,0.12743577309154538
752,2013,0.12594720247147215
752,2014,0.10912258088879712
752,2015,0.15829624812478393
752,2016,0.13384123553495578
752,2017,0.15304991400340517
752,2018,0.11153112888299889
752,2019,0.11865352150272661
752,2020,0.10101956253864951
753,2004,0.17654536164233844
753,2005,0.18509018783916373
753,2006,0.208563015491257
753,2007,0.14356268334859357
753,2008,0.19125521030863166
753,2009,0.14563272728595172
753,2010,0.12308334198667004
753,2011,0.15764061646543473
753,2012,0.13195738721577974
753,2013,0.135189523474024
753,2014,0.13912031961436033
753,2015,0.1643133939376914
753,2016,0.14934264126090657
753,2017,0.15099622496447568
753,2018,0.11235367113643761
753,2019,0.10595686544549276
753,2020,0.11085962999913
754,2004,0
754,2005,0
754,2006,0.23685080676412015
754,2007,0.15832309915472584
754,2008,0.316130225986354
754,2009,0
754,2010,0.20541796121016798
754,2011,0.26547812871196536
754,2012,0
754,2013,0.16452141371578438
754,2014,0.06254682232747319
754,2015,0.10621197365183585
754,2016,0.14495884277634297
754,2017,0.15188186626861924
754,2018,0.1047270767896583
754,2019,0.11210740582257536
754,2020,0.06457828341623995
755,2004,0
755,2005,0
755,2006,0
755,2007,0
755,2008,0.5506165972832835
755,2009,0.30069947355333426
755,2010,0
755,2011,0.282614892603493
755,2012,0.22911284264129414
755,2013,0.20536206318635697
755,2014,0.05905467872584538
755,2015,0.10893817530509774
755,2016,0.04918432355415049
755,2017,0.12188147934377981
755,2018,0.1171319107347389
755,2019,0.1587361230341692
755,2020,0.04189811875349154
756,2004,0
756,2005,0
756,2006,0.29982864082617916
756,2007,0.2702433168969098
756,2008,0
756,2009,0
756,2010,0
756,2011,0.30312044282896655
756,2012,0.21137730259391715
756,2013,0.1383779775404271
756,2014,0.24137549079971382
756,2015,0.15103566182543499
756,2016,0.1763681605947604
756,2017,0.26317752520509513
756,2018,0.14790863406398766
756,2019,0.1505176739974192
756,2020,0.1266510063206749
757,2004,0.2087176784359613
757,2005,0.17625609968674466
757,2006,0.2538521763325825
757,2007,0.1397896347357611
757,2008,0.08208533555364625
757,2009,0.12756982611115253
757,2010,0.11069516906603444
757,2011,0.14040639298370686
757,2012,0.11715422842569907
757,2013,0.11326942415795331
757,2014,0.12324103950106707
757,2015,0.1335260933878565
757,2016,0.14024136552341196
757,2017,0.15272681998696966
757,2018,0.12374320840994422
757,2019,0.05722530560830214
757,2020,0.11398905899244162
758,2004,0
758,2005,0
758,2006,0
758,2007,0
758,2008,0
758,2009,0.3022010596101605
758,2010,0.26237963403926046
758,2011,0.14009378207992843
758,2012,0.027055059825657594
758,2013,0.13329390063042706
758,2014,0.09697238147869146
758,2015,0.16210417503622823
758,2016,0.10248791198882486
758,2017,0.10986783343316048
758,2018,0.07900639111357223
758,2019,0.10189078055328818
758,2020,0.031747483405596924
759,2004,0
759,2005,0.28157730450237245
759,2006,0.12471175521915089
759,2007,0.3649685628293432
759,2008,0.2835905743379102
759,2009,0.17771567778751185
759,2010,0.31663595001867556
759,2011,0.17769821963887594
759,2012,0
759,2013,0.06878951844974229
759,2014,0.12001005304678508
759,2015,0.15607585530683074
759,2016,0.12490854730260384
759,2017,0.07814234727192282
759,2018,0.10536531393181266
759,2019,0.15901608888722837
759,2020,0.06949068471541907
760,2004,0
760,2005,0
760,2006,0
760,2007,0.6031829797463856
760,2008,0
760,2009,0
760,2010,0
760,2011,0.19369344108813558
760,2012,0.16305097070343605
760,2013,0.20983793221523991
760,2014,0.052817726327309904
760,2015,0.1681043303873199
760,2016,0.1655202749587842
760,2017,0.18670096216640167
760,2018,0.054606066091813864
760,2019,0.1802096165760216
760,2020,0.08560954825043922
762,2004,0
762,2005,0.40140230980033736
762,2006,0.15698702880172072
762,2007,0
762,2008,0.15756256391193282
762,2009,0.2224333651111611
762,2010,0.34596992459940523
762,2011,0.18456858098340018
762,2012,0.15199701508376914
762,2013,0.1696670840109722
762,2014,0.2456993652125485
762,2015,0.133849510054275
762,2016,0.22552953561748257
762,2017,0.18456318899440677
762,2018,0.14162662463006445
762,2019,0.15347663917706034
762,2020,0.08460373592912039
764,2004,0
764,2005,0.7505264169792328
764,2006,0
764,2007,0
764,2008,0.40620191203540257
764,2009,0.17116700660228595
764,2010,0.31025710548153945
764,2011,0.16300476003799153
764,2012,0.1407883880014267
764,2013,0.13266916095271536
764,2014,0.11878931681946941
764,2015,0.1817234783313664
764,2016,0.07835211940934601
764,2017,0.19879788424042968
764,2018,0.1169263865933816
764,2019,0.09744503066111644
764,2020,0.030208633288374618
765,2004,0.19229102189191388
765,2005,0.3629290632343969
765,2006,0.15769219152939085
765,2007,0.22794668019804837
765,2008,0.16576851877758977
765,2009,0.18733252746315168
765,2010,0.12593619014264043
765,2011,0.10740766277454514
765,2012,0.08485633708991958
765,2013,0.14019392464044936
765,2014,0.07081620039895963
765,2015,0.13546115254296198
765,2016,0.13082018711424875
765,2017,0.10277978580575768
765,2018,0.11684066034193387
765,2019,0.06847586705709592
765,2020,0.10351130679909244
766,2004,0
766,2005,0
766,2006,0
766,2007,0
766,2008,0
766,2009,0
766,2010,0
766,2011,0
766,2012,0
766,2013,0
766,2014,0
766,2015,0
766,2016,0
766,2017,0
766,2018,0
766,2019,0
766,2020,0
767,2004,0
767,2005,0
767,2006,0
767,2007,0
767,2008,0
767,2009,0
767,2010,0
767,2011,0.34377585937578176
767,2012,0.18597023226785594
767,2013,0
767,2014,0.09934171796424295
767,2015,0.08460603454159489
767,2016,0.08242312026800755
767,2017,0.26227727347958046
767,2018,0.15412578732257645
767,2019,0.12635621581631368
767,2020,0.1532090056859359
770,2004,0.13394697869398006
770,2005,0.11703749156122133
770,2006,0.15175344435086735
770,2007,0.1340105480281917
770,2008,0.08421288013285219
770,2009,0.10801047220543615
770,2010,0.08988600004840966
770,2011,0.11035076406677653
770,2012,0.08903710692940245
770,2013,0.10458745261904107
770,2014,0.07534487900700096
770,2015,0.11510771308213767
770,2016,0.08778366518084581
770,2017,0.11807169491653158
770,2018,0.10168608958674585
770,2019,0.08022616560284683
770,2020,0.07003231550276648
771,2004,0
771,2005,0
771,2006,0
771,2007,0
771,2008,0
771,2009,0
771,2010,0
771,2011,0
771,2012,0.14880338751778724
771,2013,0.11756013533819584
771,2014,0.08999099492057992
771,2015,0.11891476367674586
771,2016,0.19441217912631661
771,2017,0.16823210607985312
771,2018,0.21441502594004677
771,2019,0.1320615207317921
771,2020,0.11246891090814393
773,2004,0
773,2005,0
773,2006,0.42317289567931937
773,2007,0
773,2008,0.35461645098882066
773,2009,0
773,2010,0.3105455779787055
773,2011,0.16947584630807952
773,2012,0.1410240921404232
773,2013,0.19964092578770481
773,2014,0.09303295574991968
773,2015,0.14111680412888955
773,2016,0.07064740402401978
773,2017,0.12173573713196909
773,2018,0.09398116145148126
773,2019,0.09687713709285005
773,2020,0.12739823452618498
789,2004,0.4363081584607128
789,2005,0.0645100884141655
789,2006,0.05744301980364621
789,2007,0.19606509013228296
789,2008,0.23084224712188375
789,2009,0.18067003989246974
789,2010,0.1116877141676579
789,2011,0.10795919207889551
789,2012,0.12104797302961927
789,2013,0.12068562342756779
789,2014,0.12825944435745548
789,2015,0.16848670988884545
789,2016,0.18027248359220466
789,2017,0.15874036032151795
789,2018,0.11938077221121761
789,2019,0.10394837685142917
789,2020,0.07001249792429644
790,2004,0.1684076573360276
790,2005,0.1991073984571647
790,2006,0.07773855749947815
790,2007,0.16019312733445584
790,2008,0.10148175652238128
790,2009,0.09107595901101015
790,2010,0.09352581958512922
790,2011,0.11219752499200579
790,2012,0.13649261901529153
790,2013,0.1595565066607967
790,2014,0.11553364281720431
790,2015,0.07772151417688455
790,2016,0.13835973813469496
790,2017,0.13089927540642196
790,2018,0.09596814400263215
790,2019,0.09697003359208403
790,2020,0.10546908624477636
798,2004,0
798,2005,0
798,2006,0
798,2007,0
798,2008,0
798,2009,0
798,2010,0
798,2011,0
798,2012,0
798,2013,0
798,2014,0
798,2015,0
798,2016,0
798,2017,0
798,2018,0
798,2019,0
798,2020,0
800,2004,0
800,2005,0.42786089844196773
800,2006,0.2767386226243622
800,2007,0.4696941882460749
800,2008,0.10212346657179514
800,2009,0.2164044051862513
800,2010,0.1158167912042915
800,2011,0.175280389575573
800,2012,0.12940095983460004
800,2013,0.22633584064638243
800,2014,0.1480160670620248
800,2015,0.17051347564081468
800,2016,0.18036227951853848
800,2017,0.15274107018955133
800,2018,0.14708741512285756
800,2019,0.15009748998609684
800,2020,0.13443730327510597
801,2004,0
801,2005,0.3434594222293131
801,2006,0.324135666554922
801,2007,0.2056539372006165
801,2008,0.28929232192382454
801,2009,0.18151644816237647
801,2010,0.18830687055303907
801,2011,0.10481125559175176
801,2012,0.15082642535951293
801,2013,0.15515160882111634
801,2014,0.09624152461094107
801,2015,0.14764060112811114
801,2016,0.0850834182612664
801,2017,0.1295069166312944
801,2018,0.09334366880861142
801,2019,0.11352659788148946
801,2020,0.11025087323354048
802,2004,0
802,2005,0
802,2006,0
802,2007,0
802,2008,0.35960805089133835
802,2009,0
802,2010,0.30095549463714144
802,2011,0.2704852383941839
802,2012,0.24354381111153461
802,2013,0.1946043690558556
802,2014,0.17145989543398438
802,2015,0.16854924626354953
802,2016,0.14811069449880002
802,2017,0.19639513275217435
802,2018,0.18524168565153543
802,2019,0.1290896890189635
802,2020,0.19248117512912988
803,2004,0.18216002743571344
803,2005,0.19410797984225556
803,2006,0.1672531430009658
803,2007,0.1878100414902265
803,2008,0.19979065996263967
803,2009,0.14801624587030324
803,2010,0.1433731881722612
803,2011,0.15047476524033795
803,2012,0.14080480808086668
803,2013,0.12481493085213802
803,2014,0.12818641941345452
803,2015,0.12396983959452265
803,2016,0.13324939601472996
803,2017,0.14179472063442924
803,2018,0.10507185126594526
803,2019,0.09990682212052956
803,2020,0.08985379226554122
804,2004,0
804,2005,0
804,2006,0
804,2007,0.24944761687253847
804,2008,0.21598853724672404
804,2009,0.14277484255163134
804,2010,0.07335228940966744
804,2011,0.1606466790480108
804,2012,0.22465737592836177
804,2013,0.04992767833002163
804,2014,0.12072344357216723
804,2015,0.21078968235673937
804,2016,0.13202547561282754
804,2017,0.1523032448888431
804,2018,0.08155801317676055
804,2019,0.10771587582995734
804,2020,0.08123727675973272
807,2004,0.14655735022503116
807,2005,0.15689775282245705
807,2006,0.1574203525800439
807,2007,0.1470140841050794
807,2008,0.1196501722063033
807,2009,0.07622281326049653
807,2010,0.046630271397447784
807,2011,0.1248447643040981
807,2012,0.1216356457521726
807,2013,0.11638676434524665
807,2014,0.11612313316721891
807,2015,0.13031576695768937
807,2016,0.11666730931317362
807,2017,0.11134992300458446
807,2018,0.08301451461614877
807,2019,0.07779687144291603
807,2020,0.06803729800147122
810,2004,0.27414559036418296
810,2005,0.14324155276198916
810,2006,0.4469091319098713
810,2007,0
810,2008,0
810,2009,0.42423744533723634
810,2010,0.25277807208698805
810,2011,0.14371876903612352
810,2012,0.13444165214344933
810,2013,0.13532369045511602
810,2014,0.11580022282641039
810,2015,0.14415505134468135
810,2016,0.1138304882753121
810,2017,0.12088028880722437
810,2018,0.14255196920539234
810,2019,0.10690951300560038
810,2020,0.06439273151350894
811,2004,0.28400700366682124
811,2005,0.15933620717363262
811,2006,0.17189173040414793
811,2007,0.2104719450580761
811,2008,0.16417293131592953
811,2009,0.24973657252078582
811,2010,0.250764461788068
811,2011,0.1979620422777608
811,2012,0.1557001039804493
811,2013,0.14516661736547556
811,2014,0.11966533624769121
811,2015,0.19943829018071735
811,2016,0.16071374632593494
811,2017,0.1986493171720325
811,2018,0.10846698186815935
811,2019,0.13702594671921872
811,2020,0.12979483937529926
813,2004,0.27871190926640466
813,2005,0.14766945797499104
813,2006,0.15595360995880128
813,2007,0.31692500934840057
813,2008,0.3202894913036272
813,2009,0.24158160806375245
813,2010,0.3819184566252502
813,2011,0.12306204066809129
813,2012,0.15497069130714375
813,2013,0.13967023445003288
813,2014,0.1611022390923946
813,2015,0.13072392269983676
813,2016,0.12956584272924854
813,2017,0.1630639171325948
813,2018,0.15051340515549674
813,2019,0.09894763098851114
813,2020,0.10771962519600833
819,2004,0.18750962833572168
819,2005,0.156589161702075
819,2006,0.1787045930110979
819,2007,0.21105148598690124
819,2008,0.1436439646717551
819,2009,0.17385980498986178
819,2010,0.1460279282095429
819,2011,0.1439652372003532
819,2012,0.13993508396054632
819,2013,0.14041786534208678
819,2014,0.12337530801001183
819,2015,0.12606451911101768
819,2016,0.13635053783496592
819,2017,0.1306107343725185
819,2018,0.10319781761645022
819,2019,0.08744579516575428
819,2020,0.08992017648968038
820,2004,0.24523498545805547
820,2005,0.13490353741999345
820,2006,0.17741482814178328
820,2007,0.17630757518974785
820,2008,0.16637154423697106
820,2009,0.13660368180864568
820,2010,0.14833283599041955
820,2011,0.11515876201365166
820,2012,0.12798950524672312
820,2013,0.09631788816165528
820,2014,0.07164437143654812
820,2015,0.08914433666701535
820,2016,0.10654417129404145
820,2017,0.13422245582873285
820,2018,0.11262154615669333
820,2019,0.10812815422006065
820,2020,0.09033222463655882
821,2004,0
821,2005,0
821,2006,0.23833493573970493
821,2007,0.22757901543000317
821,2008,0
821,2009,0.1237195952160012
821,2010,0.11631022380274443
821,2011,0.14853992262499408
821,2012,0.08261560099977693
821,2013,0.1272369553476728
821,2014,0.09065891279157488
821,2015,0.08487991917279204
821,2016,0.038177483935019255
821,2017,0.09268199654475337
821,2018,0.08462536920643147
821,2019,0.05303223828775997
821,2020,0.07988718007162565
825,2004,0.20260164070057035
825,2005,0.22449026966182917
825,2006,0.1628632481736946
825,2007,0.22145359493257352
825,2008,0.179657753103067
825,2009,0.14414370630223383
825,2010,0.1631483711394735
825,2011,0.1156149985634397
825,2012,0.11659955032873502
825,2013,0.12743201605334611
825,2014,0.12340311368648306
825,2015,0.12203310218029781
825,2016,0.12995760158056668
825,2017,0.14324767148350045
825,2018,0.12291302175773376
825,2019,0.09875989366466202
825,2020,0.08998906869863246
828,2004,0
828,2005,0
828,2006,0
828,2007,0.26792518703993723
828,2008,0.1624711164645097
828,2009,0.10844646203446127
828,2010,0.130732248680816
828,2011,0.21287699268374552
828,2012,0.18858243408192682
828,2013,0.14246482943258884
828,2014,0.09848844157052342
828,2015,0.1411918724443367
828,2016,0.1442470244926612
828,2017,0.1533232960896177
828,2018,0.09680315435206277
828,2019,0.08710120677068423
828,2020,0.10146384885374642
839,2004,0.17920462933634643
839,2005,0.2812959235121181
839,2006,0.20178191437519644
839,2007,0.23745924849547292
839,2008,0.2165919088223297
839,2009,0.2674891521557833
839,2010,0.14451675438492606
839,2011,0.11612286132896293
839,2012,0.14315698060534923
839,2013,0.1595115363826335
839,2014,0.1495159892861556
839,2015,0.16109536559220156
839,2016,0.16795967386538332
839,2017,0.15323142246625052
839,2018,0.1483878000014569
839,2019,0.12754366344894727
839,2020,0.12760336654997154
855,2004,0.12227647307510195
855,2005,0.15684454856176624
855,2006,0.1175159501916989
855,2007,0.115945160908432
855,2008,0.2196518088178373
855,2009,0.18848254962804512
855,2010,0.09233381940255925
855,2011,0.1851272997503214
855,2012,0.121134276138032
855,2013,0.11752240594936705
855,2014,0.07587419374334822
855,2015,0.07644659684691567
855,2016,0.14170953879736198
855,2017,0.12021043812040612
855,2018,0.11676964127053314
855,2019,0.10344139046272316
855,2020,0.06729431640463743
862,2004,0.17205332215997776
862,2005,0.17148442534967487
862,2006,0.19783827045148578
862,2007,0.20844598368610473
862,2008,0.1722890421000739
862,2009,0.14188012243446624
862,2010,0.16429647570190584
862,2011,0.16391947375992888
862,2012,0.1411217263246511
862,2013,0.12694466359034426
862,2014,0.136206944777776
862,2015,0.1386968982550454
862,2016,0.15459230182883205
862,2017,0.158329556583398
862,2018,0.1126230517258102
862,2019,0.12474948093523483
862,2020,0.10643920726253289
866,2004,0.37211656475077354
866,2005,0.3715718953103599
866,2006,0.16541552183103295
866,2007,0.1531365238465698
866,2008,0.0941639772342526
866,2009,0.2083213135685997
866,2010,0.10076514849366018
866,2011,0.19002645503509963
866,2012,0.17845425254287198
866,2013,0.11518697744712661
866,2014,0.13471721598025305
866,2015,0.17993616263214068
866,2016,0.16016590816814552
866,2017,0.15087281386589427
866,2018,0.11062565037177208
866,2019,0.09271534030368957
866,2020,0.13105433204543115
868,2004,0
868,2005,0.3729154927045426
868,2006,0
868,2007,0.2532695419301449
868,2008,0.17253134764154957
868,2009,0.18817464526162894
868,2010,0.3483140326446432
868,2011,0.20553239076311552
868,2012,0.23354037220677673
868,2013,0.24477750585370137
868,2014,0.15035510532360444
868,2015,0.11781037130681517
868,2016,0.1893891182287954
868,2017,0.24087881893297447
868,2018,0.1664473534919902
868,2019,0.10960586762973515
868,2020,0.13792196337203796
881,2004,0.25677768406277723
881,2005,0.19288913429262236
881,2006,0.20401794072755247
881,2007,0.1509970959215327
881,2008,0.15357900225891324
881,2009,0.3045990506090035
881,2010,0.14574446322628354
881,2011,0.24577728308361316
881,2012,0.12500451364758366
881,2013,0.15005246408597048
881,2014,0.11635579654649153
881,2015,0.14402142149256675
881,2016,0.12635822843068584
881,2017,0.14920818244930173
881,2018,0.13570755699128195
881,2019,0.12119134426668196
881,2020,0.1056804736155549
