code,2004,2005,2006,2007,2008,2009,2010,2011,2012,2013,2014,2015,2016,2017,2018,2019,2020
500,0.37568769853224415,0.17206722676411026,0.23238293540798427,0.2032111705473412,0.14789023557519174,0.21802025240836098,0.12122255940463957,0.15381449513176243,0.12079008295264322,0.15132241328590873,0.1558299374362676,0.15119325387524213,0.17789380814412795,0.1322951487108935,0.1012467505767739,0.1080511549710415,0.10621740484943142
501,0.18521434258566752,0.21968403613158202,0.21804549034159698,0.21280759621154632,0.24398082788681547,0.15580310150957227,0.15337449875478412,0.16401435444494114,0.1541226388960381,0.14060676130796476,0.14698989830029593,0.15382218874230555,0.1358930437235291,0.1359008597858689,0.10554423313716875,0.09224342469340165,0.09427420964009314
502,0.2681513887449138,0.389221371424923,0.2196641566694227,0.39346474744221666,0.283172812379632,0.40404531301140634,0.23274246855799094,0.11744919400995309,0.24173993228811042,0.2927568537750466,0.23191453398035466,0.18528724608521344,0.2600912305699602,0.32904230087601777,0.14806618155156304,0.11837772912394878,0.11557932002700629
503,0.0,0.0,0.5994006169322492,0.32690909153172465,0.1899626629799965,0.2549793726000096,0.25794724875021213,0.28997553914860147,0.27513488276274056,0.19409616347585754,0.2064397986441325,0.32522013809218536,0.20800092508811652,0.1966453016020061,0.17746167530860035,0.14002439116522142,0.14491116200376059
504,0.2777379205599625,0.2883247945408895,0.3430754004071909,0.24033538238970062,0.2921612232526335,0.1966896598939086,0.18215900735785712,0.17405307129202666,0.18157044631571606,0.18386585273186679,0.1693529164273975,0.18348153974027726,0.17313259309437137,0.15936287541186583,0.14606463092405564,0.12544504795196126,0.12686455557615267
505,0.28209980141128654,0.2950251335248408,0.31408978280738453,0.19796686268614813,0.25489147036543874,0.16053158753461505,0.1931394170624609,0.19070117463918035,0.19548854344253053,0.17516042446698202,0.21447401133752902,0.21848414091322838,0.20516396965310502,0.19706859935581486,0.14654715324114595,0.13891552429837606,0.1379490679276086
506,0.1498758310919479,0.20040480709469197,0.18061901186477516,0.16859567192290162,0.2087017904845964,0.15614108477574806,0.15724699363398048,0.1266724730230452,0.15755636665270387,0.14528416384624793,0.11453353413134414,0.12316478598588297,0.13243812753635123,0.12533023147748126,0.09818697460902662,0.0929078235430498,0.08821683040802272
507,1.0,0.3545505022868394,0.32725629589450145,0.3203071794224118,0.3718912048817534,0.20467713061454104,0.19801900199406922,0.22398981312565572,0.24978742477278917,0.21176604893695983,0.20474369822461902,0.23343562398049938,0.18636076925873712,0.17969111722610856,0.18120149010115733,0.15734183711253857,0.16329055393590294
508,0.2376934227671111,0.3304884188340993,0.401655886799796,0.348972694963751,0.2801887025934759,0.2557155417870755,0.21680557869929368,0.2587645261084587,0.22411076545853068,0.2565623788422387,0.22453422380219148,0.22780190249071935,0.23018465000517938,0.23558758829067308,0.19761778628499685,0.14881651768793486,0.12734600449536881
509,0.0,0.1393201394801436,0.1543484645461921,0.24602323447128183,0.3981265614539753,0.0,0.10657299692636935,0.18334015239872178,0.17676327352337443,0.1561161547304701,0.12843130706887668,0.16602312425509197,0.17523696502829875,0.22954937534328315,0.12404069624746862,0.1462360881070154,0.12223433819776897
510,0.4064928432236356,0.3128626839797787,0.3020066926927896,0.28397842787420463,0.2971008152671433,0.25980157521475283,0.219372803019891,0.2260145315330526,0.207951389877182,0.21187790279259278,0.21378441105626111,0.18683629476948993,0.18728875389965546,0.1707502906969351,0.189591194868628,0.14193715868614395,0.15222135130943162
511,0.1533072817301965,0.15114253308092646,0.17784851961110557,0.16754862710730992,0.1599479727236895,0.09614578385754372,0.11711127741263083,0.14903015047564988,0.15312560586299417,0.15892700685065678,0.13770028969231982,0.16992906639091526,0.15010818268782974,0.1465103693310257,0.11944689335636466,0.11242073583446868,0.10145469883872388
512,0.11021319947875767,0.23758359201443113,0.2835522665234987,0.21159142667800496,0.26709371318939296,0.17705607639443766,0.21810049202418816,0.18597475665116142,0.175566790142412,0.1669413651253805,0.19281218142359371,0.19877830357356774,0.19335465667571447,0.18505648403261343,0.14976077407293376,0.15654019094941765,0.1405158875389256
513,0.540466854747172,0.343057541395515,0.2912620124646204,0.2795532635873088,0.35601103259602424,0.20330943046066766,0.19311444505860437,0.2262318346143516,0.25398210632847934,0.2323756476561147,0.2343890085137775,0.1466079295618546,0.21743126988994307,0.1828402970928703,0.1895370287381868,0.12910089408058964,0.1409437373286388
514,0.48966496309966245,0.32705572613476813,0.30374546123013063,0.2828521386225068,0.3185714002097031,0.19841623424263202,0.1673192998497519,0.20758841218269156,0.20046227151085552,0.14713542880077432,0.1913256621282141,0.22529175121625827,0.22738619160766502,0.21703764065730533,0.1695515285974953,0.14857205366157025,0.11408002084408043
515,0.29446157709401183,0.348069374723129,0.23766988050128426,0.2054144920012123,0.2802429436667524,0.1708967621290202,0.16445349378061033,0.20905921128287325,0.20078440350041782,0.17783634699284295,0.1912981376799701,0.17533757801868005,0.23906326102773914,0.1885721644317315,0.1699103448939199,0.1345022247956628,0.14799597940155323
516,0.0,0.28724231163081293,0.34511700850079113,0.8800149360451162,0.41676507012836034,0.5217819871072585,0.14796621752010816,0.26230703291866003,0.13429955071145136,0.35121479293016805,0.31106533623547017,0.27530637699971083,0.21379268216625585,0.20815309057083575,0.18754409028291105,0.15362684326069587,0.12383084557041397
517,0.2860819422858125,0.2153172524652766,0.26134221561732845,0.21222257512027418,0.1826905878256666,0.20506941657072847,0.16637782627114897,0.20097538801090095,0.1853172853195481,0.22205725879728058,0.18988137912482295,0.17693401344293525,0.20174967130728566,0.21206545854917389,0.14315960495878985,0.1446582749526135,0.142790206757291
518,0.23091472535652735,0.36759401479517867,0.2864277034839832,0.16304096676540825,0.22891533956030846,0.17205742063668655,0.15862111752777316,0.20075808902368053,0.1614838831595322,0.22665303680757704,0.21024929002172776,0.16061021371535647,0.15488988987245228,0.1953811861447549,0.16600853395017098,0.1357715531403942,0.11451117995544291
519,0.0,0.21848854434137038,0.16873251081648077,0.3314360500304522,0.4364798809001361,0.3173072832656151,0.2697140689577507,0.2105161100874937,0.1587879953310079,0.2308091636190808,0.14790531904685827,0.18388947724046625,0.17657374930571726,0.1645699762437979,0.11789319540030302,0.1018449422558769,0.09779264927914802
520,0.6759550860978683,0.0,0.39013878977303723,0.34888965971069225,0.3065704376048186,0.2574684094895184,0.14163867297591162,0.2338393985446854,0.15656572976553054,0.173900210787417,0.3470843781137897,0.3615720544318063,0.24283157471446148,0.24677263209444858,0.16898728782032252,0.14865551116421596,0.15726185562695383
521,0.3276156304621036,0.25293833170936375,0.2212523129013898,0.2549467159221319,0.2123068683741501,0.15844874208486254,0.17815625021110573,0.16475612201272463,0.14386257899441016,0.13946589540075188,0.13592425102591021,0.14703022972188262,0.1558256286364578,0.1351535857705693,0.13460138604703026,0.11828165371996519,0.08034876930119705
522,0.0,0.6930084232000965,0.2012036342222589,0.6741774807923262,0.18313422264369603,0.4085766578472028,0.18511571715628727,0.15595830396915436,0.24252092691184746,0.2157352766805233,0.12389204539881254,0.18196991699446996,0.2237967384502004,0.19337139286101004,0.13771167617529692,0.16041003127216893,0.1498580326265971
523,0.2392309151830654,0.20691891607269966,0.19277027499072782,0.19243761590456498,0.18631456179949973,0.18507209031986668,0.2851667828468657,0.19303173703328977,0.13977064577066756,0.179322291309326,0.11230363281465912,0.1580847718070773,0.14462514223282177,0.19489667595331833,0.13143450820877806,0.0971431283007114,0.10175015741633212
524,0.16858347792659786,0.18829635216472465,0.22100865223671315,0.23372454951521562,0.22484460145761895,0.15798997254448022,0.1532973631545828,0.20071858690169148,0.22112723046259825,0.20494535284294524,0.1827279408001549,0.22030042615572587,0.18943975487709486,0.19103624638763922,0.1509408288409133,0.13183964174517698,0.1423962839258474
525,0.6526107175262182,0.0,0.6334130040600408,0.2623069521628846,0.27828786221562085,0.0,0.0,0.1677617627416003,0.18527854258764007,0.16867237859323517,0.1922231683507197,0.2552024162165604,0.2048675338947623,0.23272304114417408,0.20237681646940198,0.22964430358096832,0.21031478594615075
526,0.0,0.5680639699612798,0.9030488646508524,0.0,0.0,0.20654327914742712,0.0,0.2811703204442001,0.3420283277892973,0.2626573285155023,0.1622675836846168,0.2551717059913066,0.23958244217914634,0.18988871883009928,0.2269159441511539,0.11070713935984791,0.08558451714691405
527,0.14167864334834857,0.23434449876626495,0.15028131462636882,0.19416464406427242,0.20931977823545628,0.1869970397125148,0.20544432514074862,0.13511431705462415,0.13481601549548228,0.18538649619053138,0.1971951476648358,0.1584928728435828,0.19249589341289622,0.2000188275063093,0.13797290132814455,0.1234929616265002,0.12555925862133727
528,0.18420151160937714,0.18421603018166932,0.18837451394621108,0.19086042442312734,0.2179641327275997,0.1231269288187493,0.15101782432346686,0.15626973422860146,0.16966577982748357,0.1643485345070719,0.13590131366070646,0.14116094428559992,0.12185190238884304,0.1338645281791072,0.10458189209780788,0.09326293610630006,0.09786918769224405
529,0.3999378358394715,0.41663719695325474,0.4299729470898614,0.345633810235566,0.4177349773369665,0.23316396308332593,0.2009711349756221,0.2274416945525663,0.20997518247045432,0.2326811472787537,0.2475376712623908,0.26374895589274777,0.2104133778708559,0.2325774007533857,0.17586812236194027,0.16739892983312912,0.1698869507781684
530,0.0,0.46556492612407985,0.40900842839506224,0.46489963141689483,0.24261563288093613,0.23395207448452746,0.09470850754983404,0.16579801301224056,0.18280059107320273,0.24512844271174258,0.18471857890776666,0.16513238058169663,0.17862487006540714,0.2555770591385931,0.12648914025258573,0.11672089508303152,0.1143996203495851
531,0.30479777366892286,0.5863513800073702,0.4961586706379992,0.40080643900077645,0.2436275427570485,0.31827483917732485,0.28625130736600407,0.27346632716599356,0.41059041647413796,0.303034088526608,0.2527388347200047,0.23436874059603388,0.2699101806002026,0.2749092221931604,0.20020268351541382,0.20738121594412307,0.16490844279875813
532,0.16983605306738292,0.2626388967533289,0.24291014336524805,0.24367932618351673,0.25260335746195395,0.1761576393199698,0.18755218816508648,0.2045087758676297,0.16203274439994064,0.17586577627892802,0.1876036730269868,0.20491664276626453,0.18191316633474,0.19279268699292693,0.13255784455414513,0.1526624950219108,0.13057563299068126
533,0.236974044937143,0.25984399700228233,0.24104337529966466,0.19526053872570023,0.26124697110272027,0.20668154281803333,0.16897934447373988,0.16424070877463534,0.17700513241150323,0.1607706692572083,0.13503279585882816,0.16187075957481747,0.16490397527449926,0.1616628570432014,0.13679760996444099,0.1077267607688262,0.09326062105045745
534,0.23249291699792962,0.23457067731133102,0.21858784798407951,0.24511830576400265,0.2598488629863404,0.21656429944292352,0.18649062786784124,0.1777239438127624,0.19180070599096977,0.1879076863193645,0.17961515970534025,0.19539491502667067,0.16486642899499496,0.17180661885524745,0.13578672805783093,0.11131633435321482,0.11370999366010583
535,0.11365454563161007,0.2554882817952988,0.3018029405054617,0.25656862691799787,0.2587385728699485,0.17459007956991937,0.23416675635069442,0.2323396255955321,0.2391523575216378,0.19175039987370163,0.18887524840682032,0.1872886676698095,0.1741381551454617,0.17797064473227972,0.13810768300283216,0.11563792728787346,0.13124973903947987
536,0.0,0.4861143664695714,0.5749551795704806,0.3069264045595456,0.5859287678241482,0.28475500225802974,0.47278699181073114,0.31151816694662054,0.30170521059661654,0.2559861516306551,0.22192381824929194,0.33874064350092803,0.3114306312693723,0.3065710203326244,0.17267761547302293,0.20661861003844995,0.18118668713851804
537,0.0,0.0,0.26419794605645636,0.14026538730531152,0.23241912074316595,0.3280119946011202,0.22916827884945323,0.24822584510425966,0.10906988548820577,0.24618401342842297,0.1260897360770492,0.16365575220801284,0.09822850395743879,0.16522907622472421,0.12691877239783636,0.13332298369490952,0.19730486763280466
538,0.17686701451494025,0.23005615653081432,0.29271557922303015,0.30068143286066973,0.30604347271211363,0.19879169761368298,0.2070238960223864,0.12386172325591979,0.18773971998771108,0.17848187824745132,0.16615953075521442,0.14727520077105064,0.18481024640054644,0.17475270691904884,0.12646878589684576,0.13081602629313668,0.13336117152633833
539,0.28296475533730703,0.28232708753842783,0.22107512066956697,0.1927876722188554,0.2462615830970235,0.1575690357702748,0.18785114394538338,0.17004704684124067,0.1853268594417216,0.19371853762276092,0.15574925773243906,0.16589957582938988,0.20982487239616196,0.18501036808461502,0.1513035254390873,0.13338812579891332,0.11895152398916813
540,0.0,0.4592997615969082,0.495757592143724,0.3110428981197792,0.6268192232446049,0.3759386473862001,0.0,0.1625409072143892,0.29553441206197534,0.30722359956391615,0.18953333664267868,0.14468996995835923,0.23950844748405142,0.1828589850901686,0.17287390840147132,0.20068010063761776,0.10851579562453725
541,0.38562167630054445,0.5738018503484468,0.26503990286778084,0.2784767088215001,0.25716484467417206,0.30607927886564906,0.19158838173547912,0.2095599211380142,0.23633311303229249,0.2892567219047244,0.260886166450286,0.23774485443012924,0.24497263453358678,0.22708524730495552,0.17544450171913467,0.18823114023431783,0.17571606639116083
542,0.0,0.2052655611942768,0.17119372126499507,0.2982064478697016,0.37908606896184216,0.24330378810503087,0.1649745587648088,0.1614523953268765,0.172228524235935,0.2665028222456313,0.22674574907067682,0.1985347890295287,0.17172830228645014,0.18730425000330128,0.1634666226548926,0.1412996508254836,0.13575169384060307
543,0.1345327766968082,0.12804292735436867,0.268210018659141,0.20425534690280636,0.26145090661417597,0.1495808999443581,0.11388200245326328,0.16608806464498732,0.26005587625897053,0.19910173125626007,0.17406553603514388,0.1918574174660956,0.177218500461597,0.19267241067709454,0.16131198412112874,0.10213435661894088,0.12830602201608757
544,0.2142410756288561,0.16763133686641307,0.2742721399228352,0.21732125423075577,0.25481301761807995,0.18024443942859938,0.1270462272475115,0.1709607359107326,0.16440046317250542,0.18868665321723158,0.1616013841010478,0.18941021981945996,0.16837627434507418,0.19358854770092782,0.14501928066617736,0.13199814625282194,0.13229786037497987
545,0.0,0.0,1.2009736424191655,0.16456145309401662,0.33436824067745197,0.284957656283709,0.33016399007762787,0.11968269529432501,0.20169360261030492,0.22033443863615534,0.1671088891500594,0.22905180894301713,0.2052768751368847,0.20773220543295937,0.1596629340759058,0.13677777006758216,0.1776575034009354
546,0.22790878508824508,0.2885999419228849,0.32909589618735846,0.1950975903906109,0.29691060599614466,0.1607684312579421,0.1858577455261494,0.2754665208693002,0.13986410800743745,0.2744534979666124,0.1771447357246651,0.20052141424081457,0.1702655426832333,0.1897990422861934,0.176677007480791,0.1378711039338715,0.13306960716202434
547,0.2238646063214612,0.17698974249925775,0.34695202587532287,0.4925955654309831,0.29389123336559475,0.37710751357737876,0.289133452927566,0.25061077642839463,0.2074078212915969,0.19469177658942474,0.19805358862362119,0.1877914241212822,0.2031465880734823,0.18961345227831447,0.15005211221017606,0.153848653944332,0.13148691900206372
548,0.2846521294669341,0.18685586896436357,0.18762158273168372,0.17422928019641548,0.4007916301517288,0.19676583105871032,0.23754130871949736,0.1700576903873747,0.14332218024795207,0.16778831840994413,0.14493546303914878,0.16075094013299995,0.14998411118557356,0.1413131107969928,0.1273697263284485,0.11195355079866655,0.10122605492787644
549,0.0,0.857465933867614,0.0,0.0,0.0,0.26325561103894557,0.0,0.24626800108788982,0.3384886258816147,0.276061836680491,0.2712244664026055,0.1030683778038735,0.29683803261592173,0.2681424746378065,0.13351327945797528,0.13949100289126581,0.1959242057452009
550,0.38591031528908964,0.4429500715444958,0.47477906514723855,0.18655744069675356,0.4057194492398593,0.20860910505346414,0.2896776164418201,0.08756525360082162,0.15423991616016977,0.19811342653336483,0.10419583226606194,0.18432584527814594,0.20778867261445644,0.19541571854615716,0.15728541286574793,0.15186758940037787,0.11762766654904556
551,0.24500073904924793,0.10344903737656669,0.2831724682926973,0.09504942019956936,0.1987928093942338,0.2797362949085426,0.18349413430237346,0.14112451355903705,0.2361719685373757,0.16589433249700167,0.16039486741591816,0.16521003934745984,0.14426758021998412,0.192635177919889,0.16214554254528527,0.1736153566228877,0.1221962052248878
552,0.0,0.0,0.0,0.0,0.0,0.0,0.0,0.0,0.0,0.0,0.0,0.0,0.0,0.0,0.0,0.0,0.0
553,0.0,0.6946258109041724,0.552817409334682,0.3004902986824686,0.5658712161338884,0.2718920457719859,0.33630196379774224,0.16260262198608832,0.21086021801997415,0.2873789387744938,0.2208676430718952,0.25856155546730514,0.19083710084914865,0.2556388012469968,0.15059104150513353,0.06421385066282555,0.18138466051424054
554,0.0,0.0,0.0,0.0,0.2591782472983954,0.77131630663653,0.5832053801789351,0.348634961235714,0.43385167614500136,0.5011307120496419,0.3565509821510768,0.20678135370550446,0.27218969970893436,0.24587425712097713,0.14214066876409867,0.2829521615935535,0.16023279740901658
555,0.2646900136056273,0.25405720745013116,0.32962182829328357,0.2843373595736097,0.42330009135818675,0.23166968637819146,0.21545826959090922,0.2647504890561203,0.1749591856121564,0.19023097035450467,0.15250732138824236,0.20439306496768384,0.22812618918780644,0.19818888336978388,0.13214783628064053,0.1405992476709473,0.1261657056036697
556,0.3105707454209701,0.20271999112734873,0.1948534153480726,0.17008110284046685,0.19138763078500792,0.17002905362100504,0.14775601102321287,0.30593532847251326,0.1761879340631902,0.17638176193442864,0.16482221495499683,0.15227184599421462,0.18333617066448823,0.20557485083647653,0.13842508013777816,0.11726208292738241,0.08990038546525059
557,0.5063825339483421,0.38153232405110377,0.24617437706292614,0.30733278358126837,0.3910906925945086,0.22983294150746789,0.15272184589687032,0.1432413513958922,0.18322157653280444,0.20031275147782265,0.2015349467821164,0.20067230047561513,0.20081134511989723,0.2318249783948057,0.17123506228379656,0.11962138229523214,0.15313317683139557
558,0.0,0.0,0.0,0.0,0.0,0.5312947608220848,0.17829055054450285,0.6040853967915842,0.33449036347150035,0.6471445680007164,0.16214259735353942,0.15290755070399284,0.21019174310870625,0.2729056796779301,0.15374493615351228,0.35671103107072955,0.10053859302975024
559,0.0,0.0,0.0,0.4862251084667584,0.0,0.0,0.0,0.3348058211821954,0.49768373158528445,0.17899730653372956,0.21761773176262356,0.45978010588309826,0.2630157253121274,0.2635045451344403,0.1521158374336166,0.17708249683100669,0.26226096701407803
560,0.14363907696417433,0.26434883265996784,0.224510421972431,0.22231812681912222,0.25417638429253836,0.2147659907589786,0.22705100795468458,0.15110253721406103,0.16170115613269512,0.15975597645259978,0.1623429497166392,0.17619183683991646,0.14266464425571215,0.1662613417940751,0.1304332909552289,0.13507409455833164,0.13762797617626796
561,0.2278863660859138,0.2999771599624276,0.1929781983674676,0.3374577465384486,0.33412133833279356,0.18801349526291128,0.13104169164641313,0.18296279980983557,0.16457312382360745,0.1899035586422713,0.20112227137497993,0.14332748277997934,0.1578884714984095,0.17676583058122636,0.1433073955943025,0.11719489472686624,0.11187877324831334
563,0.116038651306414,0.09434711632050279,0.21776757986710296,0.18281843006224838,0.20548969445490958,0.18257367386615447,0.13099752551912003,0.1395425300883723,0.14701665533560498,0.14731098787384328,0.17621437329638784,0.14867451548919933,0.1872579190330391,0.1673639196362016,0.14912182704846796,0.14990723115548032,0.13209987310119992
564,0.7394719042563094,0.5454545388855495,0.43936007225347723,0.3990306844491255,0.25550153072063997,0.3704141207854444,0.4056466418502546,0.3690016711173514,0.36503318959069425,0.3947435943831577,0.2952714592501736,0.2534653346144636,0.35781974784840914,0.24237296569637087,0.18118225093636106,0.18777096608995003,0.21030224289157443
565,0.0,0.0,0.0,0.0,0.31231499102700516,0.0,0.2585324416800657,0.39203498452531726,0.1791282107634386,0.0906569621639497,0.24556181590337725,0.43546590237840416,0.18118967436125266,0.24224604639725622,0.2493895683293409,0.10759682569350086,0.11148938012909915
566,0.3673212883213972,0.2797674254748225,0.3301132082925469,0.2901480510758349,0.2581688555224053,0.1702581768156768,0.27769424650269664,0.17424976188961724,0.18275156044845411,0.1938498602862649,0.17262486083254155,0.17594639836900333,0.2139431835994959,0.1929751344478701,0.14738725307508999,0.15990176914198886,0.139438861845507
567,0.20342929554047579,0.18023650680137077,0.20597501538656238,0.2858829349452638,0.2689173587315888,0.23586392645380652,0.20654244010453673,0.17666201718568172,0.20267730408379578,0.20046296027444388,0.18738875153775764,0.21239819813651592,0.20413992484423532,0.19756797406310872,0.17626479104404902,0.13010342471508243,0.12096242169317374
569,0.0,0.0,0.4450311038369427,0.5608654229677243,0.3040300326751323,0.3319151932025009,0.188629365763717,0.24551163907505036,0.38528175513408275,0.16584104985211137,0.29797377413038034,0.2689539729433033,0.20968215282107686,0.2725149527938626,0.2126310025648749,0.14135162841882418,0.1521770555823761
570,0.0,0.5262208840304704,0.16495533028313017,0.10798418093587606,0.4891179492474022,0.39823865225034816,0.3606491318409133,0.27032243643666676,0.3788421111760012,0.3110304346615287,0.2317594316384236,0.32020425857856166,0.2540879242467325,0.24547474131830602,0.16812079355831383,0.17047144170276132,0.12713554871665259
571,0.0,0.23840417312597914,0.30954200040028973,0.12432059978696867,0.2144334510331301,0.1407216567617724,0.21648493054550233,0.1961916417269814,0.189363012813455,0.1315564648985814,0.16654627313921136,0.15912991219039768,0.15335767015372118,0.1810852170644554,0.15335973766505645,0.12163420507079731,0.09366372238318964
573,0.5298748726348035,0.20359462228108838,0.36773262800453915,0.11613871314380507,0.44715865289829315,0.17238173547188274,0.16378656889571697,0.1923731831475203,0.15571150857983027,0.19127877631797327,0.07609163214531212,0.07344377519372998,0.1747749611969588,0.2042357918368206,0.1898216165657528,0.16679676315878675,0.14167903053869144
574,0.3744426423747822,0.5496340122722905,0.5682227422584555,0.39236628631758996,0.4650771658944173,0.20622379392824766,0.16858623632484318,0.26386617623780007,0.2538732396598935,0.1874955690422878,0.24433226270521324,0.20781181311481797,0.2547302367897876,0.2745261693139441,0.23986545737291537,0.1574669106958495,0.17392534473510102
575,0.0,0.3845658586750667,0.2777870131941853,0.24238378356885898,0.24276599412891392,0.2765663182251813,0.30612663240919935,0.261921743341111,0.17895548566257954,0.22714052349661265,0.26172590176589366,0.2817415662341072,0.24512216234137582,0.2352614540784525,0.1682848691458387,0.2191726979394506,0.14100074819514413
576,0.0,0.7070955753849101,0.0,0.2612323639171304,0.5729118437453787,0.18126664427062655,0.0,0.20234756002148152,0.31672132699243877,0.2888668028132299,0.2332175451819371,0.17812977448206774,0.1586012108488891,0.2596359348655031,0.16105799797374293,0.1486001079329008,0.1393632567833537
577,0.21764510487321045,0.31590482811017206,0.4209149754935458,0.42829925230408855,0.42869514406044795,0.30106840059220347,0.35730092287124976,0.2755177132376934,0.23912245629664447,0.2050789977690139,0.18662391657124344,0.251543440327037,0.24545106246251344,0.24263943042286934,0.18234612408325707,0.17211476804834674,0.1293596634262444
581,0.0,0.6895550453380936,0.8448713502451484,0.579439188865301,0.27221753011210487,0.47513239549406866,0.3516896934472444,0.1313566899301344,0.21156229827420434,0.3515320176720163,0.36430547795045143,0.43084748497818837,0.14439799262957626,0.2990906435062389,0.264617397017906,0.1828242951999987,0.20115107339739544
582,0.6408566461350655,0.0,0.359679053362426,0.4106574050151706,0.15811512658754512,0.18208743047892825,0.0,0.21021888158746516,0.22798227295346293,0.12719617948683948,0.22054428375001206,0.24088960210382418,0.12712778097707986,0.09197416139578483,0.06181687757730997,0.13007175552865824,0.11612960313709993
583,0.0,0.0,0.0,0.0,0.0,0.0,0.0,0.0,0.0,0.0,0.0,0.0,0.0,0.0,0.0,0.0,0.0
584,0.1327426160923384,0.28364618811982484,0.39975954735805885,0.21672371997591167,0.2864408919113273,0.1977708529996656,0.19605294364214573,0.21746127302319215,0.1532334103649906,0.15688012559137715,0.1127771944139982,0.1919481039476046,0.19976698622388891,0.19576520272696024,0.12181900365733712,0.07021219935017858,0.11991486453171814
588,0.0,0.2410315933383384,0.43532006815881874,0.35904648326423466,0.2817181897467885,0.24631269217880125,0.15364792382159348,0.18387822436693257,0.20293489474688275,0.21507827113472097,0.20469528357811528,0.16637941945128043,0.16875860215859823,0.18448251506519156,0.17540328694865567,0.12579395690396789,0.12884377539734485
592,0.0,0.25679890322536936,0.44893812713029213,0.3235372177859441,0.23673156930927927,0.37990536053957347,0.16256581361707148,0.29074480348157283,0.15390656610960432,0.179520362576597,0.12680981104224312,0.22091007252871264,0.1694324706556083,0.20247403645305256,0.09360425482552137,0.08641769086201498,0.11041113167642054
596,0.0,0.0,0.0,0.0,0.0,0.0,0.0,0.0,0.2503630820485298,0.14497023978020923,0.20156741181808946,0.29036514500571725,0.38044619564350374,0.2439178613779453,0.22897313005758538,0.0,0.15461641510390087
597,0.0,0.0,0.0,0.0,1.5653665144090052,0.0,0.0,0.29629564362640654,0.3529398232053339,0.0,0.42158535318718493,0.34393642341947245,0.25468326415897685,0.3891457449009668,0.11111818370202665,0.08161778146768478,0.11632100818191053
598,0.6903675019984982,0.0,0.0,0.4046212947466094,0.5706223352527554,0.3526429843664634,0.0,0.41722113702649244,0.13364462725644288,0.2516540400596375,0.25314381225145083,0.1961949034253822,0.28726475998412637,0.18719479706842476,0.3278949859558393,0.2320845067272764,0.11686156652321189
600,0.0,0.0,0.32786594568534466,0.4055906424675078,0.144779789474434,0.5276289475681251,0.24679499920065437,0.2568736475147979,0.18920977286696258,0.23183760605071455,0.17195250472235496,0.13105702858658097,0.2286378785278142,0.23571562021293038,0.2056265867689175,0.15256425918638203,0.12606148369871079
602,0.19113364599755467,0.23916251192158988,0.20018582134205418,0.21386068415456636,0.199897478507482,0.19251086036159018,0.15351614420784296,0.18592586171674033,0.1957869879436612,0.18677054004382831,0.16594893146864487,0.1708904214047789,0.17118283931407952,0.1586496730166902,0.11628666440525112,0.11873575040590009,0.10496323868038913
603,0.7962715400037079,0.0,0.5424623363188098,0.48839333566905174,0.0,0.0,0.6041626977356058,0.3450546248634682,0.283246728211842,0.3355089756529841,0.173440269101612,0.23863515533807125,0.21812861374387377,0.25768440645691093,0.12028867070767342,0.16452890437865472,0.21474297740311285
604,0.16141875603428657,0.0,0.22767937572995936,0.20187627960851318,0.343083100396645,0.16041963916498275,0.12793867015459276,0.225917921432911,0.19863274363094238,0.16457288563655972,0.09030286683399193,0.19283069147454746,0.19865814745986726,0.16904153639542607,0.13462514878800946,0.11784304727513052,0.17857926306278601
605,0.0,0.0,0.36020429196243775,0.30947688339198376,0.0,0.0,0.1399545006212139,0.18828949618099924,0.2756210578190969,0.2191271700819504,0.24429600782259608,0.15856880280313215,0.17360977837853606,0.2590617351464573,0.13394620464952803,0.17579937348093086,0.1867335093166737
606,0.0,0.0,0.0,0.0,0.46246632452433223,0.3735151234648951,0.2435634167910456,0.2782738052358389,0.18766648083602147,0.45643671494624277,0.13879682215589528,0.18936016034286493,0.25475608000937017,0.4024468029145387,0.2114452647173215,0.12262301638637162,0.22656747438654665
609,0.3084704522110682,0.23744647780988395,0.21450074158081553,0.2507138061545743,0.2839024622801558,0.23495237516966155,0.22112352806997143,0.19315801198936072,0.22312949770338406,0.20472309504064484,0.2365559359405065,0.20594478314182915,0.20276269835593538,0.1880570778021612,0.17787389438374002,0.14727379671326082,0.12831339619592058
610,0.49215930522596957,0.28919648127611314,0.3389312586372942,0.0,0.23589161059246594,0.1793946814262147,0.0,0.2780746737875528,0.2734359857464829,0.290480216991128,0.1981185348974761,0.2443330221444732,0.24745325859025943,0.17199926298645596,0.15061248262535168,0.1981700269376165,0.12436334819810226
611,0.15606517055237637,0.0,0.25856780302217236,0.27342415371544687,0.3397710700977186,0.12696332212326789,0.24147997641783878,0.07389608038902767,0.18611871162766228,0.08726878601545875,0.10280734333020938,0.1522723158182101,0.14801322070655407,0.15180809324375177,0.10087257888450568,0.08874961676879602,0.11804279059152431
612,0.4211885887816716,0.16168620299658737,0.30087515491526123,0.26714189722130816,0.35626605214004115,0.2013973936675942,0.28448170392218963,0.22019298786188038,0.23586100461534346,0.18834354884074836,0.27143946726299034,0.2524462408549704,0.2524777331364384,0.2483964595311571,0.24019561610724005,0.2082690198847762,0.18493674205086472
613,0.10231088090222305,0.14729034966287607,0.11770604650649232,0.1315047899599075,0.18092295045017817,0.14484179433900746,0.14878714600232504,0.15220037975464965,0.15312586837189282,0.15335644527975087,0.13389578776201413,0.15395779808675755,0.1334425831772447,0.14022998371753134,0.10427532865408427,0.10832537405826943,0.09823516873507859
616,0.1829124289130639,0.2805313698857103,0.23970832285666605,0.1734125749745326,0.2711903036987584,0.20957007324401158,0.17714864905385858,0.19431572724644247,0.17532220594526726,0.19171547685325055,0.15066773652081675,0.15501436352488135,0.15804715691694304,0.163096250026082,0.14169340504676747,0.1261492444548764,0.1280389506860131
617,0.17019477303142322,0.23844438346049435,0.28016878477682744,0.18606755839385827,0.21838517066979501,0.16148081243685503,0.1340666664979154,0.15976668558036994,0.13905507553028654,0.17628925838512818,0.15447281963536905,0.130952448416795,0.13597901827617925,0.15338402279476673,0.14178377989986363,0.13301351913574383,0.10610626208120658
618,0.20492384283013615,0.2345784144899622,0.20197788196253427,0.18343121640747542,0.22247952899323295,0.18965056379543413,0.16163663688245183,0.1722608076993578,0.17673762956348651,0.17016590312837374,0.14737864290997946,0.1619249813416139,0.14495595796823565,0.16659235575992307,0.14405801536577803,0.11377369332449759,0.11134970833596398
619,0.0,0.3373706513642887,0.28928360675435083,0.14450442923441767,0.31192756039936126,0.24045056779651425,0.20069338662170905,0.1505251825368145,0.19517544197283682,0.21161688972953624,0.1776758973933799,0.18489106304840508,0.17656057466900205,0.2055188371287999,0.17359786647524056,0.1074349789357826,0.15702781519083486
622,0.492047601600397,0.2796024466581565,0.24734982021433266,0.2744839484686057,0.2524028819724659,0.2940161489967259,0.21559517626760158,0.23586734462862802,0.2613543692551341,0.23648104207565263,0.2484491741075699,0.17546063589531155,0.2385124281074449,0.1952659499128148,0.16589422223716963,0.1283843291824397,0.13978303694744051
623,0.15210957679880152,0.1892516822221439,0.1740859864901011,0.1678905532477445,0.21459816218524322,0.15315333812414364,0.1362959365373124,0.20034823903473312,0.19273357547339443,0.18189567138396048,0.17195699869881495,0.17053545364229517,0.16589196249811733,0.16140441867181834,0.1395146519719829,0.12374858303903563,0.11843934103030879
624,0.8478954585373948,0.0,0.0,0.17091259418960963,0.2413101822070065,0.28793100231124785,0.1325968566880823,0.18729190889965666,0.18610432799172066,0.19420933030938844,0.062171733367307455,0.08769354407048986,0.11857897374165034,0.21363712989354067,0.11529619529966115,0.089623775178962,0.12256815023052142
625,0.2511605860733211,0.11467256577464507,0.22811512059963265,0.20917244292876058,0.2302116246246747,0.24152313391628036,0.1665073362652001,0.20472268463986915,0.1562431624933443,0.18397156738871484,0.2548679577739499,0.2160442661929671,0.21867421341719745,0.18090086110833944,0.15757759880254762,0.1270339680448977,0.15386729992716697
626,0.0,0.0,3.036845157356146,0.0,0.0,0.0,0.0,0.0,0.0,0.31716351852862495,0.364059299317265,0.12068800162132402,0.3523029906473475,0.22897067509923313,0.23902556388061214,0.2083244445920779,0.09189181805441615
627,0.0,0.0,0.0,0.31137292642522885,0.5293960540643505,0.20188422095534983,0.28150247758611074,0.11708332593006021,0.1486429200465196,0.1958216156471407,0.11119360734558327,0.19251862259325783,0.34713757801124445,0.22365515179642328,0.22532044066581608,0.08334506361455657,0.1601891573149166
628,0.0,0.526307332214143,0.0,0.7754470733910427,0.826846861185065,0.21944791267839686,0.21771419775373171,0.3387095782413794,0.28935201600963706,0.22207179708739352,0.19914417228390077,0.3225941610935806,0.2726842408415351,0.22016599922139438,0.1957802419062342,0.1640127603619416,0.19326747184191606
630,0.22757847754788765,0.29137950763402265,0.2545720104950868,0.1683029045515631,0.2674209907134739,0.2980809415185338,0.2629959097397638,0.22246961410234195,0.216794685919766,0.1856880783700943,0.1945958562323757,0.19764009689479714,0.2220201904251999,0.23674611492570052,0.2070810330129764,0.15331677213001893,0.16365562622633675
631,0.5717796510840553,0.0,0.0,0.0,0.27190822122228236,0.0,0.0,0.21046307254186294,0.2059680873858747,0.1637186096404818,0.09470029469513302,0.19067972457234114,0.09579426086284269,0.1258742099495617,0.07712086314268725,0.10945550558910463,0.11450268979282327
632,0.5973510023543949,0.2915903436441561,0.7364655908450661,0.16326065227521894,0.30223339891509426,0.1736088100481229,0.14705407848135735,0.358423826103453,0.275999459267344,0.3120051357833157,0.2397809925001104,0.26736520851732215,0.23130422005199547,0.3112740983894421,0.20950832116728962,0.22555356970803092,0.18725762026844922
633,0.0,0.0,0.0,0.0,0.2001265197654362,0.18417380774895728,0.39503400265834654,0.25827683107640687,0.16998236594273589,0.16441011993090487,0.23454730205335012,0.08626493290944584,0.19317421266468984,0.1801541412757651,0.18125520561464026,0.15494592561023154,0.12555565119893217
634,0.0,0.0,0.0,0.22430690274480003,0.17305653247511943,0.25897836317197015,0.28266398365186696,0.191582128437011,0.1383027881920939,0.20854123835338584,0.16886637865730103,0.15099642964913304,0.1656900245134434,0.26889245331942757,0.14800468156179286,0.12375535619125362,0.11199521917696059
635,0.3211365765488722,0.11965292527435098,0.20148110942297057,0.1363223906751031,0.1965976191340553,0.14814711008168835,0.14269341037921388,0.1725843215934725,0.15658217694885826,0.15944529853974646,0.18360550399249476,0.15704051892278684,0.128184667609041,0.1298844922989917,0.09443540150965112,0.113794136358448,0.1086535785752588
636,0.0,0.3942180269132886,0.0,0.20776294672210896,0.21014020353003168,0.24593718750037694,0.08213149199007398,0.10522417208876679,0.1340749276717204,0.0953404081723842,0.06160923520836546,0.05026874936983238,0.11213960691380372,0.10025947974324102,0.08137540401348303,0.0720032288567282,0.06476178987784643
637,0.30556705608072166,0.20348418232847035,0.5152247978379941,0.3329802224055902,0.30758666021080183,0.12836612170447398,0.2846001017859154,0.13776651594947012,0.12017422815830142,0.12882325969022784,0.18362528170869152,0.20209853824515056,0.16554356375766566,0.16783963266292595,0.1088351184091625,0.10844858865101098,0.11582052967802563
638,1.4392022575018923,1.9691463072461588,0.0,0.0,0.0,0.0,0.18228000944544934,0.2672329459664756,0.36310352955655123,0.0,0.40318478486049697,0.24288948014369477,0.20806702490321935,0.12799509135688472,0.18581578625482456,0.3191211866682511,0.12351669176798226
639,0.0,0.0,0.5629725170019931,0.33533837451162807,0.1955347588098418,0.5022345838894177,0.1740424159541659,0.29184357710868947,0.27919490478682946,0.24356946197129153,0.17104942095475403,0.22371054525277875,0.2995298390635524,0.3504337891124086,0.24383034712020202,0.18400073129060301,0.14135228340791844
640,0.20130970329766748,0.10017447594767202,0.2861347215600627,0.2750159003667446,0.21352278460981775,0.21283397983874733,0.13912645265191786,0.22527321983336412,0.19725681588922653,0.18098007994185406,0.22781436243151093,0.21082641051637055,0.19365150641188209,0.22350429908299901,0.17192432453858014,0.12264247087486711,0.14587738494677746
641,0.2255679013288437,0.118716394271427,0.2851514760894413,0.20730917924669015,0.21469137729474325,0.12770626280284014,0.1112947387976954,0.1742158669316233,0.18038392537062645,0.17131401723476503,0.17808039312523985,0.1196249831538302,0.15001010830917264,0.14444074890990283,0.11715792093719365,0.12280180254880971,0.11239383025513636
642,0.0,0.3330388625246947,0.2447489628710762,0.4483629555172383,0.45490344065849,0.22090135991445478,0.37577727313358467,0.22452831363663195,0.23671059454773694,0.21302113747154588,0.2628526808915024,0.22148093382049758,0.21776476660578561,0.20172456683043982,0.08145289660333845,0.13106566242434986,0.14999519936201955
643,0.0,0.0,0.0,0.2893500234723147,0.0,0.3577546977706301,0.17078736530171434,0.15523934679230433,0.22773027304976,0.3712055998485317,0.14014298597936248,0.13911430822936335,0.3441184219161114,0.2105290046749456,0.15773966437850703,0.13228013373451997,0.19626475772939012
644,0.0,0.0,0.0,0.40112030590834474,0.8361821494274895,0.2311287624128344,0.5192108063021197,0.2051988596464156,0.16338604355077768,0.37826055046846613,0.35249771760850535,0.34943389301090644,0.3515914739054648,0.23286747672706082,0.2621565138553878,0.1171024104567923,0.18555892513909317
647,0.0,0.0,0.0,0.0,0.0,0.0,0.0,0.5031001772646306,0.26401830503288287,0.3193532005705674,0.09153980949105116,0.14636703281801314,0.23252550404188763,0.3442811851044097,0.2882153097517191,0.19157053843787117,0.10221574351878657
648,0.0,0.32111288253997033,0.3736316616756208,0.23695480673352057,0.2685675823102766,0.1453805814123908,0.10542688501387865,0.2012222104305516,0.18605910302008774,0.16786255444983933,0.24600443794584087,0.16642457191907853,0.20796294703345067,0.20958413032270543,0.14189932855230758,0.14265939208080014,0.10444355750198797
649,0.0,0.1868789674254413,0.3129936387032506,0.18440435160968088,0.18271168058974765,0.28578909571319866,0.12255194259028444,0.18877123286484973,0.19095079197324508,0.2151663216695383,0.2288998013708149,0.2380433064865189,0.24563961037201162,0.22037854041340416,0.161423232678392,0.13333011564398634,0.13938386881960527
650,0.179717771930579,0.34204675872785006,0.18692156832066784,0.17279118791798412,0.26834247868661415,0.15566489051650448,0.22833093723930115,0.15495937273398747,0.1748316948173386,0.21901943834034504,0.202095587991517,0.18872701114752288,0.15462468575578314,0.18920039043240702,0.15920770821002259,0.1363126546328901,0.1538772781322025
651,0.3094738024305673,0.5702374410668978,0.18175745178628744,0.5369464907503954,0.45125860270732415,0.33965648220825123,0.26257216350094503,0.11861406601826593,0.16703951124844418,0.23439650583440524,0.1518207275855117,0.15639829426561472,0.16480947940963425,0.19636283618978337,0.15067725596519974,0.18783298090244807,0.11043774462643474
652,0.2422870606757718,0.3237466933760288,0.15812339002061984,0.14758455255335576,0.16917533838569726,0.18423766108896994,0.11270490623765499,0.1498927052689444,0.2070157195779517,0.18807564290049464,0.18460165494509748,0.17582260486211643,0.14668884893166392,0.17839047519477239,0.1243169731830372,0.09926397977871815,0.13085835803075704
656,0.0,0.7171039749482749,0.8107040463031111,0.5613012691942072,0.4390235893962357,0.17287044525929676,0.6430156069991577,0.3751252159356198,0.32546272448749974,0.2307913538137192,0.18258158488255638,0.214966023052891,0.2271554686802635,0.2504603808604965,0.24593000090144088,0.24680086308302865,0.23802305555108072
657,0.0,0.0,0.0,0.0,0.0,0.0,0.0,0.41997007792281055,0.3428018267146907,0.1329533579571618,0.2231029560727356,0.1309122983291796,0.26972988021659794,0.2556775790804633,0.16573649980351615,0.12715974628863663,0.1709384869791572
658,0.2768535630295437,0.1930714300213725,0.16786253993334235,0.23347631438023042,0.24914429504350885,0.22892185656398145,0.18214235633579537,0.18730073199379757,0.1644215262784819,0.16055043139975672,0.1453819710166594,0.13514133242477028,0.17391274924854797,0.17083611654780376,0.14471215436127857,0.12176879521467783,0.11412279627233755
659,0.05170669196811204,0.23371322259013988,0.26718349213127907,0.2749025567523789,0.30780650285214733,0.2165312108327124,0.1747774129983768,0.16318627822559276,0.17796776898552213,0.24158022244780913,0.21315561207826,0.21654360345733062,0.21121220250787104,0.21109282269839583,0.1728676502432192,0.14181501774836688,0.1613232621708567
661,0.0,0.0,0.6001098122771041,0.8438815975281517,0.0,0.0,0.0,0.15279635274735398,0.20497649854489844,0.24150662306783974,0.2459301141946521,0.16857086214041264,0.11262470280663898,0.3089453158983342,0.21098867066010926,0.11645758385237648,0.13529443962998344
662,0.0,0.4857285752702717,0.0,0.3343842011544729,0.5020687769841115,0.16444347564387246,0.12169922156100685,0.24649859386897335,0.28886718176110093,0.28635974905194067,0.21188128349483856,0.15696964337710298,0.33428913472610644,0.24494680537482708,0.218820999988195,0.07021584620539924,0.13669815784575842
669,0.08709163355578285,0.1731464725781369,0.1586898159012144,0.15739026944360562,0.10170164315793796,0.21534120368275408,0.15765914454944968,0.1397535679610296,0.18854154773115023,0.20316346817098002,0.19531848584613495,0.1653180342323368,0.11729723812708492,0.16291241024658876,0.10664288812207495,0.11077334244010688,0.1008270301840615
670,0.0,0.13018849033627675,0.41218070990497546,0.21068780191448588,0.33681870234617417,0.48335189143696894,0.24922572816533486,0.19703099744710267,0.19053266264222135,0.17992395754652088,0.20844456137450998,0.24433429141808985,0.1917803371650452,0.17907177827505724,0.133729759195478,0.12472578422656926,0.1064828812472367
671,0.15101727355682554,0.30234506988804993,0.23316712185617958,0.13185957470431497,0.19007092983101875,0.11685864810048249,0.19074970332932042,0.17192031645912298,0.1733360405313399,0.23581938845841677,0.16740139839019166,0.15491232048435294,0.15372189238598746,0.15038484344073716,0.14677595223902845,0.13412576792078187,0.14456089960084123
673,0.0,0.39919631389793836,0.4718815385408981,0.7260863436534503,0.0,0.0,0.4819893970878119,0.14599977729782448,0.21048069639553996,0.39803129457916864,0.22706006650391128,0.28599636011129326,0.24267331963672412,0.2547671720024203,0.14485736712918043,0.23403018938928266,0.1300356153294108
675,0.12133766597352515,0.2786805620374523,0.17509317587800693,0.08037146578962892,0.182657254510485,0.04150027130102533,0.049204147009877144,0.2375643814146311,0.16996739770240257,0.1776250934331318,0.12162542211884618,0.19694960700016267,0.1895204643902008,0.17374094013379543,0.21713745187828956,0.17243022495832278,0.1724866637301792
676,0.0,0.4492727500087944,0.4296863564248621,0.3296915288203932,0.27756715040243307,0.1155196292585302,0.24045211456042997,0.2047243720715289,0.2303424829369144,0.1550087349568911,0.2334783307340209,0.12973792744609075,0.16749267575066706,0.2703389894593307,0.1557517211428236,0.15423448385270772,0.18793837039708733
678,0.30186826565973934,0.23504937146080437,0.19379472691786626,0.17831450502724744,0.3429546365355352,0.27953303593618667,0.23520370403864804,0.15716398613986415,0.17440423005475264,0.2790750868694022,0.2293372122323935,0.2413108904668266,0.21415317608444615,0.20573797263072666,0.14134485877644898,0.16495693259775338,0.14059604491599623
679,0.13828302264446693,0.3050824566523542,0.12937900352956863,0.1938100027903172,0.12675210893031472,0.0701438817612345,0.11104653921910579,0.12838074670372782,0.10247928631310131,0.117117839027037,0.11281885667633061,0.13141175873535396,0.12638668373646944,0.13672011241583368,0.09445118726746143,0.11155120038210006,0.09701058485292781
682,0.0,0.2683616700119773,0.2483290473310353,0.21669669599839547,0.2978670887413434,0.23257839447901277,0.054675578894272915,0.19165238616336483,0.19865716819366833,0.1966367177928744,0.16175652513684288,0.15946205784850603,0.1960839949594627,0.20548869351045562,0.12608719611139907,0.11089674111655783,0.12982020271947303
686,0.12636254348579656,0.47722984038511723,0.3219505947988249,0.2763852022735779,0.18653311486090435,0.18048851209311598,0.16767360408992338,0.24715637834978033,0.20036624856599805,0.22579043970951662,0.23141916854100378,0.23550087755199745,0.19734353053193537,0.22002732107048137,0.17964693670765106,0.13819052535068332,0.14164051185959944
687,0.0,0.5386302234173876,0.28681735090389016,0.3280530736721156,0.11617411864808141,0.18575207238179198,0.17561892185989367,0.1228505825373965,0.18306544971569155,0.19147471447799255,0.1287247301565285,0.21690672469389066,0.16952904288063655,0.24450861988508585,0.12137958129362683,0.15946727185674803,0.1379908740381297
691,0.32861200899480597,0.24018978743017788,0.38107777651550606,0.13140435050916263,0.19587508848228874,0.15993403284842447,0.1713111573663875,0.19647722268994397,0.16107890210621487,0.17724711609641963,0.2074541626675758,0.21727394753122398,0.24399370746027932,0.23607172406013266,0.2094764067989999,0.15791236275752563,0.1715138013173563
692,0.0,0.8676159879009321,1.0618803928155984,0.30835744151810734,0.3044761751818781,0.5318213978855096,0.26871133218093113,0.22597948751979197,0.27584909010510944,0.3794342268230982,0.3026509395610854,0.4241308883171567,0.14516045063513403,0.22153927777685717,0.19246952473501105,0.14910878389527088,0.17391439042445778
693,0.0,0.27999911756096435,0.39415072687796554,0.27858354198184504,0.20816500047813924,0.29271458591757316,0.19078680642262952,0.20308730687958784,0.23013056115700653,0.22655569686485733,0.2903893157845047,0.21201827903752216,0.24271825990669232,0.19034231455522707,0.1867363875422966,0.1656869298459338,0.14597176526069797
698,0.0,0.35192322873220083,0.30547945137351595,0.27470629774011474,0.3898095115502678,0.18026604872097585,0.22784327290615472,0.16899426995214709,0.17221120888571814,0.31637312696138775,0.18688426124391666,0.25368213755191443,0.22094512715526599,0.25272687188135456,0.15495410896625741,0.12339010130463708,0.12752339384284644
702,0.21473559009258383,0.31503618762721747,0.25244441432637993,0.18935643786756645,0.2209668691076497,0.1860506538109402,0.19648998412957785,0.10583359820315334,0.09179261857235718,0.17120488744761989,0.1711636737661057,0.12955787809838362,0.15110840625273372,0.15354809742616046,0.1343711674500285,0.11132032186244827,0.10011383578549582
705,0.0,0.4670194727418747,0.29733844634168904,0.21776346026402116,0.1797347197916959,0.24148262769900358,0.19470291761297992,0.16273144006763204,0.21503875649490733,0.08329907513990756,0.2034452484556187,0.11878372135636411,0.17491390280682925,0.2727384066532471,0.17032497272233707,0.1324091326987203,0.11885368329051667
709,0.3599851774309739,0.0,0.0,0.1813637777441132,0.355125830397385,0.2617345724985825,0.2630799724241123,0.3579432914779297,0.19869031066443854,0.2636349076780641,0.21444450279658536,0.20944021687567493,0.1979297464901728,0.21304528505779202,0.16026217544243365,0.1422554205212291,0.15813631363762062
710,0.0,1.372877285020364,0.0,0.0,0.0,0.0,0.0,0.4948200273680718,0.376579726920295,0.39797817639721306,0.4032985433595973,0.18648084641263055,0.32740834697462934,0.22640123121268174,0.15830827472242245,0.2309134299502252,0.19124595184711224
711,0.0,0.0,0.0,2.0209202581031627,0.0,0.0,0.0,0.37177319630042044,0.2033800789795549,0.14804612904671938,0.1779282158467793,0.11981202753891847,0.24108838717226275,0.1778821554930687,0.1540835318241802,0.1994784280215015,0.27701363260523465
716,0.19132490052824064,0.3779398080521271,0.3213667432437966,0.2604912689667145,0.21639942254695305,0.263097565792262,0.2115878548643074,0.21152990594381652,0.19126128082008403,0.2721291692445575,0.14541959244466332,0.16650231701518758,0.17927001839415196,0.2534123581331795,0.19816840557239154,0.12083294395977608,0.12906789730584042
717,0.0,0.7689871357337641,0.4844737869819768,0.0,0.5473086271795519,0.22853610961678356,0.25517393645388475,0.18027859685510164,0.14943102732777344,0.2501824849965125,0.2786937998304181,0.19011424486943096,0.3002346917600925,0.2570206999766824,0.12779092036277256,0.15585178889149395,0.10074380256705337
718,0.20060237223522306,0.21858168165903655,0.24941805866109037,0.3470884347301455,0.2516434864536076,0.1627372210022156,0.19227887893118853,0.22480635875377808,0.22070377946686284,0.18042450324637133,0.1978199565475257,0.2604097390545549,0.28522784947209007,0.2584927367808959,0.23284278803823208,0.15344308832889206,0.13791069804391592
722,0.2962312225369799,0.2590145676948417,0.15428143167718653,0.21188429743565884,0.20913517007678506,0.1379211307358641,0.15221703791697216,0.17213226120489541,0.11629309653087526,0.08443767159123397,0.14112983671133753,0.10379383707079125,0.11025308828940682,0.12298662390449439,0.11562345081219248,0.09740701896184205,0.10363409049628601
724,0.0,0.274807328119109,0.1419999900572004,0.22064169155911706,0.24207905332673318,0.11174047740569755,0.16810435631205858,0.14256345925899944,0.20077772625654655,0.1710194785679834,0.16313694543818655,0.17936387108649288,0.14943645012202494,0.1535396678702358,0.12573859920320704,0.13152842078924898,0.10913721793599664
725,0.2469100471051239,0.23534352193239916,0.3080555645832975,0.09323224727859827,0.14441600674163346,0.20805558228702023,0.14649593656245488,0.15527465059324003,0.13700136076477287,0.15360768315362808,0.12402799696140254,0.11371922533017592,0.15323183749534153,0.11880805416462213,0.08744668854266563,0.11668170773989733,0.11672941101277624
734,0.0,0.0,1.6024220903428412,0.0,0.40787887722777205,0.1858984821109658,0.15116201101921264,0.2776688375119751,0.2734880545125861,0.14392832184997453,0.1373016910326198,0.26282033490853024,0.12942718384524327,0.20092035917634757,0.12748748961085415,0.19999184737839815,0.16117343902686435
736,0.0,0.5262012911833969,0.6850171638304244,0.0,0.26061003870357696,0.2542270604188313,0.43773799963750615,0.222958377330306,0.3616311293151979,0.4384119335588432,0.30160742046597927,0.2707440731800526,0.19699630149590172,0.31815938401676985,0.22268428069470136,0.24765579111042846,0.18829480782240393
737,0.0,0.0,0.0,0.0,0.14014890421505588,0.2329376219083893,0.0,0.07411454711460047,0.21994689290900257,0.05319726927667103,0.12041483987380577,0.0740132589194117,0.06113441189746441,0.17325119782560633,0.11411813548203775,0.06571777580122726,0.0943975903254854
740,0.0,0.0,0.0,0.0,0.0,0.0,0.0,0.0,0.0,0.0,0.0,0.0,0.0,0.0,0.0,0.0,0.0
743,0.571067566682791,0.21817554775403117,0.1874743061487651,0.07595367408236242,0.2852866013844332,0.2489272321547452,0.13863402596789576,0.12135760347626105,0.12032753394021985,0.12107822772336703,0.18380145333742043,0.16471977217786085,0.1751344270345876,0.1521185403407454,0.1011421359871061,0.14087711600773828,0.11732075545776827
744,0.11367070097615659,0.11210004932025604,0.15615692117710023,0.10188872006994265,0.131563900603997,0.07228526087822153,0.08755659101020433,0.07400443549699022,0.0843143579624733,0.0880702151667423,0.09108697493546156,0.08212471196808051,0.08906947479119144,0.09027919001431542,0.07507059518467685,0.06365289829378346,0.0583264135694909
745,0.0,0.0,0.0,0.0,0.4615039146950142,0.20971315916880054,0.2700718575703122,0.15480902452119527,0.06151927268251874,0.39339503247369434,0.17732652223498863,0.3037061234994611,0.1154039604805208,0.13947580862205322,0.08394033453517483,0.23325130995362936,0.17282385845942091
746,0.0,0.0,0.5489004013468735,0.1449156015534275,0.3712119156318793,0.34007191173353624,0.39029259999079335,0.30489380370562447,0.13260393428892794,0.16171941993385108,0.18223669231186107,0.2845020944068531,0.1868306692764016,0.225195126293653,0.173455094943379,0.12295268944237622,0.1896543540588537
747,0.0,0.0,0.0,0.0,0.0,0.0,0.0,0.19943912011631396,0.40445437513380045,0.23126219373560256,0.23565367216504202,0.10323248372141672,0.0,0.17025453496160325,0.17587805956247643,0.0,0.0
749,0.0,0.0,0.6659551076642508,0.0,0.0,0.0,0.0,0.08341834791055955,0.06775700935827136,0.1454743793353831,0.14160487824347623,0.10553257795441488,0.05890047496807098,0.10230922044739722,0.09572872856493228,0.06568004431914451,0.049026391017973764
751,0.1183108598753953,0.15599700167850158,0.13075872433676466,0.11299263160109102,0.17902338389366898,0.12669658143036283,0.10391401256938253,0.11686436795183039,0.12535785408757555,0.1355179243655057,0.13454306709866168,0.13018077114405013,0.12723664132918877,0.13465893534990817,0.1181252598323978,0.09136524485682837,0.08601224646523949
752,0.087160578211049,0.15898001645739812,0.1246496996664363,0.12880035573592774,0.11545143309440213,0.17908529572225418,0.09544892570327985,0.10376574726664158,0.12743577309154538,0.12594720247147215,0.10912258088879712,0.15829624812478393,0.13384123553495578,0.15304991400340517,0.11153112888299889,0.11865352150272661,0.10101956253864951
753,0.17654536164233844,0.18509018783916373,0.208563015491257,0.14356268334859357,0.19125521030863166,0.14563272728595172,0.12308334198667004,0.15764061646543473,0.13195738721577974,0.135189523474024,0.13912031961436033,0.1643133939376914,0.14934264126090657,0.15099622496447568,0.11235367113643761,0.10595686544549276,0.11085962999913
754,0.0,0.0,0.23685080676412015,0.15832309915472584,0.316130225986354,0.0,0.20541796121016798,0.26547812871196536,0.0,0.16452141371578438,0.06254682232747319,0.10621197365183585,0.14495884277634297,0.15188186626861924,0.1047270767896583,0.11210740582257536,0.06457828341623995
755,0.0,0.0,0.0,0.0,0.5506165972832835,0.30069947355333426,0.0,0.282614892603493,0.22911284264129414,0.20536206318635697,0.05905467872584538,0.10893817530509774,0.04918432355415049,0.12188147934377981,0.1171319107347389,0.1587361230341692,0.04189811875349154
756,0.0,0.0,0.29982864082617916,0.2702433168969098,0.0,0.0,0.0,0.30312044282896655,0.21137730259391715,0.1383779775404271,0.24137549079971382,0.15103566182543499,0.1763681605947604,0.26317752520509513,0.14790863406398766,0.1505176739974192,0.1266510063206749
757,0.2087176784359613,0.17625609968674466,0.2538521763325825,0.1397896347357611,0.08208533555364625,0.12756982611115253,0.11069516906603444,0.14040639298370686,0.11715422842569907,0.11326942415795331,0.12324103950106707,0.1335260933878565,0.14024136552341196,0.15272681998696966,0.12374320840994422,0.05722530560830214,0.11398905899244162
758,0.0,0.0,0.0,0.0,0.0,0.3022010596101605,0.26237963403926046,0.14009378207992843,0.027055059825657594,0.13329390063042706,0.09697238147869146,0.16210417503622823,0.10248791198882486,0.10986783343316048,0.07900639111357223,0.10189078055328818,0.031747483405596924
759,0.0,0.28157730450237245,0.12471175521915089,0.3649685628293432,0.2835905743379102,0.17771567778751185,0.31663595001867556,0.17769821963887594,0.0,0.06878951844974229,0.12001005304678508,0.15607585530683074,0.12490854730260384,0.07814234727192282,0.10536531393181266,0.15901608888722837,0.06949068471541907
760,0.0,0.0,0.0,0.6031829797463856,0.0,0.0,0.0,0.19369344108813558,0.16305097070343605,0.20983793221523991,0.052817726327309904,0.1681043303873199,0.1655202749587842,0.18670096216640167,0.054606066091813864,0.1802096165760216,0.08560954825043922
762,0.0,0.40140230980033736,0.15698702880172072,0.0,0.15756256391193282,0.2224333651111611,0.34596992459940523,0.18456858098340018,0.15199701508376914,0.1696670840109722,0.2456993652125485,0.133849510054275,0.22552953561748257,0.18456318899440677,0.14162662463006445,0.15347663917706034,0.08460373592912039
764,0.0,0.7505264169792328,0.0,0.0,0.40620191203540257,0.17116700660228595,0.31025710548153945,0.16300476003799153,0.1407883880014267,0.13266916095271536,0.11878931681946941,0.1817234783313664,0.07835211940934601,0.19879788424042968,0.1169263865933816,0.09744503066111644,0.030208633288374618
765,0.19229102189191388,0.3629290632343969,0.15769219152939085,0.22794668019804837,0.16576851877758977,0.18733252746315168,0.12593619014264043,0.10740766277454514,0.08485633708991958,0.14019392464044936,0.07081620039895963,0.13546115254296198,0.13082018711424875,0.10277978580575768,0.11684066034193387,0.06847586705709592,0.10351130679909244
766,0.0,0.0,0.0,0.0,0.0,0.0,0.0,0.0,0.0,0.0,0.0,0.0,0.0,0.0,0.0,0.0,0.0
767,0.0,0.0,0.0,0.0,0.0,0.0,0.0,0.34377585937578176,0.18597023226785594,0.0,0.09934171796424295,0.08460603454159489,0.08242312026800755,0.26227727347958046,0.15412578732257645,0.12635621581631368,0.1532090056859359
770,0.13394697869398006,0.11703749156122133,0.15175344435086735,0.1340105480281917,0.08421288013285219,0.10801047220543615,0.08988600004840966,0.11035076406677653,0.08903710692940245,0.10458745261904107,0.07534487900700096,0.11510771308213767,0.08778366518084581,0.11807169491653158,0.10168608958674585,0.08022616560284683,0.07003231550276648
771,0.0,0.0,0.0,0.0,0.0,0.0,0.0,0.0,0.14880338751778724,0.11756013533819584,0.08999099492057992,0.11891476367674586,0.19441217912631661,0.16823210607985312,0.21441502594004677,0.1320615207317921,0.11246891090814393
773,0.0,0.0,0.42317289567931937,0.0,0.35461645098882066,0.0,0.3105455779787055,0.16947584630807952,0.1410240921404232,0.19964092578770481,0.09303295574991968,0.14111680412888955,0.07064740402401978,0.12173573713196909,0.09398116145148126,0.09687713709285005,0.12739823452618498
789,0.4363081584607128,0.0645100884141655,0.05744301980364621,0.19606509013228296,0.23084224712188375,0.18067003989246974,0.1116877141676579,0.10795919207889551,0.12104797302961927,0.12068562342756779,0.12825944435745548,0.16848670988884545,0.18027248359220466,0.15874036032151795,0.11938077221121761,0.10394837685142917,0.07001249792429644
790,0.1684076573360276,0.1991073984571647,0.07773855749947815,0.16019312733445584,0.10148175652238128,0.09107595901101015,0.09352581958512922,0.11219752499200579,0.13649261901529153,0.1595565066607967,0.11553364281720431,0.07772151417688455,0.13835973813469496,0.13089927540642196,0.09596814400263215,0.09697003359208403,0.10546908624477636
798,0.0,0.0,0.0,0.0,0.0,0.0,0.0,0.0,0.0,0.0,0.0,0.0,0.0,0.0,0.0,0.0,0.0
800,0.0,0.42786089844196773,0.2767386226243622,0.4696941882460749,0.10212346657179514,0.2164044051862513,0.1158167912042915,0.175280389575573,0.12940095983460004,0.22633584064638243,0.1480160670620248,0.17051347564081468,0.18036227951853848,0.15274107018955133,0.14708741512285756,0.15009748998609684,0.13443730327510597
801,0.0,0.3434594222293131,0.324135666554922,0.2056539372006165,0.28929232192382454,0.18151644816237647,0.18830687055303907,0.10481125559175176,0.15082642535951293,0.15515160882111634,0.09624152461094107,0.14764060112811114,0.0850834182612664,0.1295069166312944,0.09334366880861142,0.11352659788148946,0.11025087323354048
802,0.0,0.0,0.0,0.0,0.35960805089133835,0.0,0.30095549463714144,0.2704852383941839,0.2435438111115346,0.1946043690558556,0.17145989543398438,0.16854924626354953,0.14811069449880002,0.19639513275217435,0.18524168565153543,0.1290896890189635,0.19248117512912988
803,0.18216002743571344,0.19410797984225556,0.1672531430009658,0.1878100414902265,0.19979065996263967,0.14801624587030324,0.1433731881722612,0.15047476524033795,0.14080480808086668,0.12481493085213802,0.12818641941345452,0.12396983959452265,0.13324939601472996,0.14179472063442924,0.10507185126594526,0.09990682212052956,0.08985379226554122
804,0.0,0.0,0.0,0.24944761687253847,0.21598853724672404,0.14277484255163134,0.07335228940966744,0.1606466790480108,0.22465737592836177,0.04992767833002163,0.12072344357216723,0.21078968235673937,0.13202547561282754,0.1523032448888431,0.08155801317676055,0.10771587582995734,0.08123727675973272
807,0.14655735022503116,0.15689775282245705,0.1574203525800439,0.1470140841050794,0.1196501722063033,0.07622281326049653,0.046630271397447784,0.1248447643040981,0.1216356457521726,0.11638676434524665,0.11612313316721891,0.13031576695768937,0.11666730931317362,0.11134992300458446,0.08301451461614877,0.07779687144291603,0.06803729800147122
810,0.27414559036418296,0.14324155276198916,0.4469091319098713,0.0,0.0,0.42423744533723634,0.25277807208698805,0.14371876903612352,0.13444165214344933,0.13532369045511602,0.11580022282641039,0.14415505134468135,0.1138304882753121,0.12088028880722437,0.14255196920539234,0.10690951300560038,0.06439273151350894
811,0.28400700366682124,0.15933620717363262,0.17189173040414793,0.2104719450580761,0.16417293131592953,0.24973657252078582,0.250764461788068,0.1979620422777608,0.1557001039804493,0.14516661736547556,0.11966533624769121,0.19943829018071735,0.16071374632593494,0.1986493171720325,0.10846698186815935,0.13702594671921872,0.12979483937529926
813,0.27871190926640466,0.14766945797499104,0.15595360995880128,0.31692500934840057,0.3202894913036272,0.24158160806375245,0.3819184566252502,0.12306204066809129,0.15497069130714375,0.13967023445003288,0.1611022390923946,0.13072392269983676,0.12956584272924854,0.1630639171325948,0.15051340515549674,0.09894763098851114,0.10771962519600833
819,0.18750962833572168,0.156589161702075,0.1787045930110979,0.21105148598690124,0.1436439646717551,0.17385980498986178,0.1460279282095429,0.1439652372003532,0.13993508396054632,0.14041786534208678,0.12337530801001183,0.12606451911101768,0.13635053783496592,0.1306107343725185,0.10319781761645022,0.08744579516575428,0.08992017648968038
820,0.24523498545805547,0.13490353741999345,0.17741482814178328,0.17630757518974785,0.16637154423697106,0.13660368180864568,0.14833283599041955,0.11515876201365166,0.12798950524672312,0.09631788816165528,0.07164437143654812,0.08914433666701535,0.10654417129404145,0.13422245582873285,0.11262154615669333,0.10812815422006065,0.09033222463655882
821,0.0,0.0,0.23833493573970493,0.22757901543000317,0.0,0.1237195952160012,0.11631022380274443,0.14853992262499408,0.08261560099977693,0.1272369553476728,0.09065891279157488,0.08487991917279204,0.038177483935019255,0.09268199654475337,0.08462536920643147,0.05303223828775997,0.07988718007162565
825,0.20260164070057035,0.22449026966182917,0.1628632481736946,0.22145359493257352,0.179657753103067,0.14414370630223383,0.1631483711394735,0.1156149985634397,0.11659955032873502,0.12743201605334611,0.12340311368648306,0.12203310218029781,0.12995760158056668,0.14324767148350045,0.12291302175773376,0.09875989366466202,0.08998906869863246
828,0.0,0.0,0.0,0.26792518703993723,0.1624711164645097,0.10844646203446127,0.130732248680816,0.21287699268374552,0.18858243408192682,0.14246482943258884,0.09848844157052342,0.1411918724443367,0.1442470244926612,0.1533232960896177,0.09680315435206277,0.08710120677068423,0.10146384885374642
839,0.17920462933634643,0.2812959235121181,0.20178191437519644,0.23745924849547292,0.2165919088223297,0.2674891521557833,0.14451675438492606,0.11612286132896293,0.14315698060534923,0.1595115363826335,0.1495159892861556,0.16109536559220156,0.16795967386538332,0.15323142246625052,0.1483878000014569,0.12754366344894727,0.12760336654997154
855,0.12227647307510195,0.15684454856176624,0.1175159501916989,0.115945160908432,0.2196518088178373,0.18848254962804512,0.09233381940255925,0.1851272997503214,0.121134276138032,0.11752240594936705,0.07587419374334822,0.07644659684691567,0.14170953879736198,0.12021043812040612,0.11676964127053314,0.10344139046272316,0.06729431640463743
862,0.17205332215997776,0.17148442534967487,0.19783827045148578,0.20844598368610473,0.1722890421000739,0.14188012243446624,0.16429647570190584,0.16391947375992888,0.1411217263246511,0.12694466359034426,0.136206944777776,0.1386968982550454,0.15459230182883205,0.158329556583398,0.1126230517258102,0.12474948093523483,0.10643920726253289
866,0.37211656475077354,0.3715718953103599,0.16541552183103295,0.1531365238465698,0.0941639772342526,0.2083213135685997,0.10076514849366018,0.19002645503509963,0.17845425254287198,0.11518697744712661,0.13471721598025305,0.17993616263214068,0.16016590816814552,0.15087281386589427,0.11062565037177208,0.09271534030368957,0.13105433204543115
868,0.0,0.3729154927045426,0.0,0.2532695419301449,0.17253134764154957,0.18817464526162894,0.3483140326446432,0.20553239076311552,0.23354037220677673,0.24477750585370137,0.15035510532360444,0.11781037130681517,0.1893891182287954,0.24087881893297447,0.1664473534919902,0.10960586762973515,0.13792196337203796
881,0.25677768406277723,0.19288913429262236,0.20401794072755247,0.1509970959215327,0.15357900225891324,0.3045990506090035,0.14574446322628354,0.24577728308361316,0.12500451364758366,0.15005246408597048,0.11635579654649153,0.14402142149256675,0.12635822843068584,0.14920818244930173,0.13570755699128195,0.12119134426668196,0.1056804736155549
