code,year,sinclair_present,years_before
500,2004,TRUE,-0
500,2005,TRUE,1
500,2006,TRUE,2
500,2007,TRUE,3
500,2008,TRUE,4
500,2009,TRUE,5
500,2010,TRUE,6
500,2011,TRUE,7
500,2012,TRUE,8
500,2013,TRUE,9
500,2014,TRUE,10
500,2015,TRUE,11
500,2016,TRUE,12
500,2017,TRUE,13
500,2018,TRUE,14
500,2019,TRUE,15
500,2020,TRUE,16
501,2004,FALSE,-99
501,2005,FALSE,-99
501,2006,FALSE,-99
501,2007,FALSE,-99
501,2008,FALSE,-99
501,2009,FALSE,-99
501,2010,FALSE,-99
501,2011,FALSE,-99
501,2012,FALSE,-99
501,2013,FALSE,-99
501,2014,FALSE,-99
501,2015,FALSE,-99
501,2016,FALSE,-99
501,2017,FALSE,-99
501,2018,FALSE,-99
501,2019,FALSE,-99
501,2020,FALSE,-99
502,2004,FALSE,-99
502,2005,FALSE,-99
502,2006,FALSE,-99
502,2007,FALSE,-99
502,2008,FALSE,-99
502,2009,FALSE,-99
502,2010,FALSE,-99
502,2011,FALSE,-99
502,2012,FALSE,-99
502,2013,FALSE,-99
502,2014,FALSE,-99
502,2015,FALSE,-99
502,2016,FALSE,-99
502,2017,FALSE,-99
502,2018,FALSE,-99
502,2019,FALSE,-99
502,2020,FALSE,-99
503,2004,FALSE,-10
503,2005,FALSE,-9
503,2006,FALSE,-8
503,2007,FALSE,-7
503,2008,FALSE,-6
503,2009,FALSE,-5
503,2010,FALSE,-4
503,2011,FALSE,-3
503,2012,FALSE,-2
503,2013,FALSE,-1
503,2014,TRUE,-0
503,2015,TRUE,1
503,2016,TRUE,2
503,2017,TRUE,3
503,2018,TRUE,4
503,2019,TRUE,5
503,2020,TRUE,6
504,2004,FALSE,-99
504,2005,FALSE,-99
504,2006,FALSE,-99
504,2007,FALSE,-99
504,2008,FALSE,-99
504,2009,FALSE,-99
504,2010,FALSE,-99
504,2011,FALSE,-99
504,2012,FALSE,-99
504,2013,FALSE,-99
504,2014,FALSE,-99
504,2015,FALSE,-99
504,2016,FALSE,-99
504,2017,FALSE,-99
504,2018,FALSE,-99
504,2019,FALSE,-99
504,2020,FALSE,-99
505,2004,FALSE,-99
505,2005,FALSE,-99
505,2006,FALSE,-99
505,2007,FALSE,-99
505,2008,FALSE,-99
505,2009,FALSE,-99
505,2010,FALSE,-99
505,2011,FALSE,-99
505,2012,FALSE,-99
505,2013,FALSE,-99
505,2014,FALSE,-99
505,2015,FALSE,-99
505,2016,FALSE,-99
505,2017,FALSE,-99
505,2018,FALSE,-99
505,2019,FALSE,-99
505,2020,FALSE,-99
506,2004,FALSE,-99
506,2005,FALSE,-99
506,2006,FALSE,-99
506,2007,FALSE,-99
506,2008,FALSE,-99
506,2009,FALSE,-99
506,2010,FALSE,-99
506,2011,FALSE,-99
506,2012,FALSE,-99
506,2013,FALSE,-99
506,2014,FALSE,-99
506,2015,FALSE,-99
506,2016,FALSE,-99
506,2017,FALSE,-99
506,2018,FALSE,-99
506,2019,FALSE,-99
506,2020,FALSE,-99
507,2004,FALSE,-10
507,2005,FALSE,-9
507,2006,FALSE,-8
507,2007,FALSE,-7
507,2008,FALSE,-6
507,2009,FALSE,-5
507,2010,FALSE,-4
507,2011,FALSE,-3
507,2012,FALSE,-2
507,2013,FALSE,-1
507,2014,TRUE,-0
507,2015,TRUE,1
507,2016,TRUE,2
507,2017,TRUE,3
507,2018,TRUE,4
507,2019,TRUE,5
507,2020,TRUE,6
508,2004,TRUE,-0
508,2005,TRUE,1
508,2006,TRUE,2
508,2007,TRUE,3
508,2008,TRUE,4
508,2009,TRUE,5
508,2010,TRUE,6
508,2011,TRUE,7
508,2012,TRUE,8
508,2013,TRUE,9
508,2014,TRUE,10
508,2015,TRUE,11
508,2016,TRUE,12
508,2017,TRUE,13
508,2018,TRUE,14
508,2019,TRUE,15
508,2020,TRUE,16
509,2004,FALSE,-99
509,2005,FALSE,-99
509,2006,FALSE,-99
509,2007,FALSE,-99
509,2008,FALSE,-99
509,2009,FALSE,-99
509,2010,FALSE,-99
509,2011,FALSE,-99
509,2012,FALSE,-99
509,2013,FALSE,-99
509,2014,FALSE,-99
509,2015,FALSE,-99
509,2016,FALSE,-99
509,2017,FALSE,-99
509,2018,FALSE,-99
509,2019,FALSE,-99
509,2020,FALSE,-99
510,2004,FALSE,-99
510,2005,FALSE,-99
510,2006,FALSE,-99
510,2007,FALSE,-99
510,2008,FALSE,-99
510,2009,FALSE,-99
510,2010,FALSE,-99
510,2011,FALSE,-99
510,2012,FALSE,-99
510,2013,FALSE,-99
510,2014,FALSE,-99
510,2015,FALSE,-99
510,2016,FALSE,-99
510,2017,FALSE,-99
510,2018,FALSE,-99
510,2019,FALSE,-99
510,2020,FALSE,-99
511,2004,FALSE,-10
511,2005,FALSE,-9
511,2006,FALSE,-8
511,2007,FALSE,-7
511,2008,FALSE,-6
511,2009,FALSE,-5
511,2010,FALSE,-4
511,2011,FALSE,-3
511,2012,FALSE,-2
511,2013,FALSE,-1
511,2014,TRUE,-0
511,2015,TRUE,1
511,2016,TRUE,2
511,2017,TRUE,3
511,2018,TRUE,4
511,2019,TRUE,5
511,2020,TRUE,6
512,2004,TRUE,-0
512,2005,TRUE,1
512,2006,TRUE,2
512,2007,TRUE,3
512,2008,TRUE,4
512,2009,TRUE,5
512,2010,TRUE,6
512,2011,TRUE,7
512,2012,TRUE,8
512,2013,TRUE,9
512,2014,TRUE,10
512,2015,TRUE,11
512,2016,TRUE,12
512,2017,TRUE,13
512,2018,TRUE,14
512,2019,TRUE,15
512,2020,TRUE,16
513,2004,TRUE,-0
513,2005,TRUE,1
513,2006,TRUE,2
513,2007,TRUE,3
513,2008,TRUE,4
513,2009,TRUE,5
513,2010,TRUE,6
513,2011,TRUE,7
513,2012,TRUE,8
513,2013,TRUE,9
513,2014,TRUE,10
513,2015,TRUE,11
513,2016,TRUE,12
513,2017,TRUE,13
513,2018,TRUE,14
513,2019,TRUE,15
513,2020,TRUE,16
514,2004,TRUE,-0
514,2005,TRUE,1
514,2006,TRUE,2
514,2007,TRUE,3
514,2008,TRUE,4
514,2009,TRUE,5
514,2010,TRUE,6
514,2011,TRUE,7
514,2012,TRUE,8
514,2013,TRUE,9
514,2014,TRUE,10
514,2015,TRUE,11
514,2016,TRUE,12
514,2017,TRUE,13
514,2018,TRUE,14
514,2019,TRUE,15
514,2020,TRUE,16
515,2004,TRUE,-0
515,2005,TRUE,1
515,2006,TRUE,2
515,2007,TRUE,3
515,2008,TRUE,4
515,2009,TRUE,5
515,2010,TRUE,6
515,2011,TRUE,7
515,2012,TRUE,8
515,2013,TRUE,9
515,2014,TRUE,10
515,2015,TRUE,11
515,2016,TRUE,12
515,2017,TRUE,13
515,2018,TRUE,14
515,2019,TRUE,15
515,2020,TRUE,16
516,2004,FALSE,-99
516,2005,FALSE,-99
516,2006,FALSE,-99
516,2007,FALSE,-99
516,2008,FALSE,-99
516,2009,FALSE,-99
516,2010,FALSE,-99
516,2011,FALSE,-99
516,2012,FALSE,-99
516,2013,FALSE,-99
516,2014,FALSE,-99
516,2015,FALSE,-99
516,2016,FALSE,-99
516,2017,FALSE,-99
516,2018,FALSE,-99
516,2019,FALSE,-99
516,2020,FALSE,-99
517,2004,FALSE,-99
517,2005,FALSE,-99
517,2006,FALSE,-99
517,2007,FALSE,-99
517,2008,FALSE,-99
517,2009,FALSE,-99
517,2010,FALSE,-99
517,2011,FALSE,-99
517,2012,FALSE,-99
517,2013,FALSE,-99
517,2014,FALSE,-99
517,2015,FALSE,-99
517,2016,FALSE,-99
517,2017,FALSE,-99
517,2018,FALSE,-99
517,2019,FALSE,-99
517,2020,FALSE,-99
518,2004,TRUE,-0
518,2005,TRUE,1
518,2006,TRUE,2
518,2007,TRUE,3
518,2008,TRUE,4
518,2009,TRUE,5
518,2010,TRUE,6
518,2011,TRUE,7
518,2012,TRUE,8
518,2013,TRUE,9
518,2014,TRUE,10
518,2015,TRUE,11
518,2016,TRUE,12
518,2017,TRUE,13
518,2018,TRUE,14
518,2019,TRUE,15
518,2020,TRUE,16
519,2004,TRUE,-0
519,2005,TRUE,1
519,2006,TRUE,2
519,2007,TRUE,3
519,2008,TRUE,4
519,2009,TRUE,5
519,2010,TRUE,6
519,2011,TRUE,7
519,2012,TRUE,8
519,2013,TRUE,9
519,2014,TRUE,10
519,2015,TRUE,11
519,2016,TRUE,12
519,2017,TRUE,13
519,2018,TRUE,14
519,2019,TRUE,15
519,2020,TRUE,16
520,2004,FALSE,-99
520,2005,FALSE,-99
520,2006,FALSE,-99
520,2007,FALSE,-99
520,2008,FALSE,-99
520,2009,FALSE,-99
520,2010,FALSE,-99
520,2011,FALSE,-99
520,2012,FALSE,-99
520,2013,FALSE,-99
520,2014,FALSE,-99
520,2015,FALSE,-99
520,2016,FALSE,-99
520,2017,FALSE,-99
520,2018,FALSE,-99
520,2019,FALSE,-99
520,2020,FALSE,-99
521,2004,FALSE,-7
521,2005,FALSE,-6
521,2006,FALSE,-5
521,2007,FALSE,-4
521,2008,FALSE,-3
521,2009,FALSE,-2
521,2010,FALSE,-1
521,2011,TRUE,-0
521,2012,TRUE,1
521,2013,FALSE,2
521,2014,TRUE,3
521,2015,TRUE,4
521,2016,TRUE,5
521,2017,TRUE,6
521,2018,TRUE,7
521,2019,TRUE,8
521,2020,TRUE,9
522,2004,FALSE,-99
522,2005,FALSE,-99
522,2006,FALSE,-99
522,2007,FALSE,-99
522,2008,FALSE,-99
522,2009,FALSE,-99
522,2010,FALSE,-99
522,2011,FALSE,-99
522,2012,FALSE,-99
522,2013,FALSE,-99
522,2014,FALSE,-99
522,2015,FALSE,-99
522,2016,FALSE,-99
522,2017,FALSE,-99
522,2018,FALSE,-99
522,2019,FALSE,-99
522,2020,FALSE,-99
523,2004,FALSE,-99
523,2005,FALSE,-99
523,2006,FALSE,-99
523,2007,FALSE,-99
523,2008,FALSE,-99
523,2009,FALSE,-99
523,2010,FALSE,-99
523,2011,FALSE,-99
523,2012,FALSE,-99
523,2013,FALSE,-99
523,2014,FALSE,-99
523,2015,FALSE,-99
523,2016,FALSE,-99
523,2017,FALSE,-99
523,2018,FALSE,-99
523,2019,FALSE,-99
523,2020,FALSE,-99
524,2004,FALSE,-99
524,2005,FALSE,-99
524,2006,FALSE,-99
524,2007,FALSE,-99
524,2008,FALSE,-99
524,2009,FALSE,-99
524,2010,FALSE,-99
524,2011,FALSE,-99
524,2012,FALSE,-99
524,2013,FALSE,-99
524,2014,FALSE,-99
524,2015,FALSE,-99
524,2016,FALSE,-99
524,2017,FALSE,-99
524,2018,FALSE,-99
524,2019,FALSE,-99
524,2020,FALSE,-99
525,2004,FALSE,-9
525,2005,FALSE,-8
525,2006,FALSE,-7
525,2007,FALSE,-6
525,2008,FALSE,-5
525,2009,FALSE,-4
525,2010,FALSE,-3
525,2011,FALSE,-2
525,2012,FALSE,-1
525,2013,TRUE,-0
525,2014,TRUE,1
525,2015,TRUE,2
525,2016,TRUE,3
525,2017,TRUE,4
525,2018,TRUE,5
525,2019,TRUE,6
525,2020,TRUE,7
526,2004,FALSE,-99
526,2005,FALSE,-99
526,2006,FALSE,-99
526,2007,FALSE,-99
526,2008,FALSE,-99
526,2009,FALSE,-99
526,2010,FALSE,-99
526,2011,FALSE,-99
526,2012,FALSE,-99
526,2013,FALSE,-99
526,2014,FALSE,-99
526,2015,FALSE,-99
526,2016,FALSE,-99
526,2017,FALSE,-99
526,2018,FALSE,-99
526,2019,FALSE,-99
526,2020,FALSE,-99
527,2004,FALSE,-99
527,2005,FALSE,-99
527,2006,FALSE,-99
527,2007,FALSE,-99
527,2008,FALSE,-99
527,2009,FALSE,-99
527,2010,FALSE,-99
527,2011,FALSE,-99
527,2012,FALSE,-99
527,2013,FALSE,-99
527,2014,FALSE,-99
527,2015,FALSE,-99
527,2016,FALSE,-99
527,2017,FALSE,-99
527,2018,FALSE,-99
527,2019,FALSE,-99
527,2020,FALSE,-99
528,2004,FALSE,-99
528,2005,FALSE,-99
528,2006,FALSE,-99
528,2007,FALSE,-99
528,2008,FALSE,-99
528,2009,FALSE,-99
528,2010,FALSE,-99
528,2011,FALSE,-99
528,2012,FALSE,-99
528,2013,FALSE,-99
528,2014,FALSE,-99
528,2015,FALSE,-99
528,2016,FALSE,-99
528,2017,FALSE,-99
528,2018,FALSE,-99
528,2019,FALSE,-99
528,2020,FALSE,-99
529,2004,FALSE,-99
529,2005,FALSE,-99
529,2006,FALSE,-99
529,2007,FALSE,-99
529,2008,FALSE,-99
529,2009,FALSE,-99
529,2010,FALSE,-99
529,2011,FALSE,-99
529,2012,FALSE,-99
529,2013,FALSE,-99
529,2014,FALSE,-99
529,2015,FALSE,-99
529,2016,FALSE,-99
529,2017,FALSE,-99
529,2018,FALSE,-99
529,2019,FALSE,-99
529,2020,FALSE,-99
530,2004,TRUE,-0
530,2005,TRUE,1
530,2006,TRUE,2
530,2007,TRUE,3
530,2008,TRUE,4
530,2009,TRUE,5
530,2010,TRUE,6
530,2011,TRUE,7
530,2012,TRUE,8
530,2013,TRUE,9
530,2014,TRUE,10
530,2015,TRUE,11
530,2016,TRUE,12
530,2017,TRUE,13
530,2018,TRUE,14
530,2019,TRUE,15
530,2020,TRUE,16
531,2004,TRUE,-0
531,2005,FALSE,1
531,2006,FALSE,2
531,2007,FALSE,3
531,2008,FALSE,4
531,2009,FALSE,5
531,2010,FALSE,6
531,2011,FALSE,7
531,2012,FALSE,8
531,2013,FALSE,9
531,2014,FALSE,10
531,2015,FALSE,11
531,2016,FALSE,12
531,2017,TRUE,13
531,2018,TRUE,14
531,2019,TRUE,15
531,2020,TRUE,16
532,2004,FALSE,-7
532,2005,FALSE,-6
532,2006,FALSE,-5
532,2007,FALSE,-4
532,2008,FALSE,-3
532,2009,FALSE,-2
532,2010,FALSE,-1
532,2011,TRUE,-0
532,2012,TRUE,1
532,2013,TRUE,2
532,2014,TRUE,3
532,2015,TRUE,4
532,2016,TRUE,5
532,2017,TRUE,6
532,2018,TRUE,7
532,2019,TRUE,8
532,2020,TRUE,9
533,2004,FALSE,-99
533,2005,FALSE,-99
533,2006,FALSE,-99
533,2007,FALSE,-99
533,2008,FALSE,-99
533,2009,FALSE,-99
533,2010,FALSE,-99
533,2011,FALSE,-99
533,2012,FALSE,-99
533,2013,FALSE,-99
533,2014,FALSE,-99
533,2015,FALSE,-99
533,2016,FALSE,-99
533,2017,FALSE,-99
533,2018,FALSE,-99
533,2019,FALSE,-99
533,2020,FALSE,-99
534,2004,FALSE,-99
534,2005,FALSE,-99
534,2006,FALSE,-99
534,2007,FALSE,-99
534,2008,FALSE,-99
534,2009,FALSE,-99
534,2010,FALSE,-99
534,2011,FALSE,-99
534,2012,FALSE,-99
534,2013,FALSE,-99
534,2014,FALSE,-99
534,2015,FALSE,-99
534,2016,FALSE,-99
534,2017,FALSE,-99
534,2018,FALSE,-99
534,2019,FALSE,-99
534,2020,FALSE,-99
535,2004,TRUE,-0
535,2005,TRUE,1
535,2006,TRUE,2
535,2007,TRUE,3
535,2008,TRUE,4
535,2009,TRUE,5
535,2010,TRUE,6
535,2011,TRUE,7
535,2012,TRUE,8
535,2013,TRUE,9
535,2014,TRUE,10
535,2015,TRUE,11
535,2016,TRUE,12
535,2017,TRUE,13
535,2018,TRUE,14
535,2019,TRUE,15
535,2020,TRUE,16
536,2004,FALSE,-99
536,2005,FALSE,-99
536,2006,FALSE,-99
536,2007,FALSE,-99
536,2008,FALSE,-99
536,2009,FALSE,-99
536,2010,FALSE,-99
536,2011,FALSE,-99
536,2012,FALSE,-99
536,2013,FALSE,-99
536,2014,FALSE,-99
536,2015,FALSE,-99
536,2016,FALSE,-99
536,2017,FALSE,-99
536,2018,FALSE,-99
536,2019,FALSE,-99
536,2020,FALSE,-99
537,2004,FALSE,-99
537,2005,FALSE,-99
537,2006,FALSE,-99
537,2007,FALSE,-99
537,2008,FALSE,-99
537,2009,FALSE,-99
537,2010,FALSE,-99
537,2011,FALSE,-99
537,2012,FALSE,-99
537,2013,FALSE,-99
537,2014,FALSE,-99
537,2015,FALSE,-99
537,2016,FALSE,-99
537,2017,FALSE,-99
537,2018,FALSE,-99
537,2019,FALSE,-99
537,2020,FALSE,-99
538,2004,TRUE,-0
538,2005,TRUE,1
538,2006,TRUE,2
538,2007,TRUE,3
538,2008,TRUE,4
538,2009,TRUE,5
538,2010,TRUE,6
538,2011,TRUE,7
538,2012,TRUE,8
538,2013,TRUE,9
538,2014,TRUE,10
538,2015,TRUE,11
538,2016,TRUE,12
538,2017,TRUE,13
538,2018,TRUE,14
538,2019,TRUE,15
538,2020,TRUE,16
539,2004,TRUE,-0
539,2005,TRUE,1
539,2006,TRUE,2
539,2007,TRUE,3
539,2008,TRUE,4
539,2009,TRUE,5
539,2010,TRUE,6
539,2011,TRUE,7
539,2012,TRUE,8
539,2013,TRUE,9
539,2014,FALSE,10
539,2015,FALSE,11
539,2016,FALSE,12
539,2017,FALSE,13
539,2018,FALSE,14
539,2019,FALSE,15
539,2020,FALSE,16
540,2004,FALSE,-9
540,2005,FALSE,-8
540,2006,FALSE,-7
540,2007,FALSE,-6
540,2008,FALSE,-5
540,2009,FALSE,-4
540,2010,FALSE,-3
540,2011,FALSE,-2
540,2012,FALSE,-1
540,2013,TRUE,-0
540,2014,TRUE,1
540,2015,TRUE,2
540,2016,TRUE,3
540,2017,TRUE,4
540,2018,TRUE,5
540,2019,TRUE,6
540,2020,TRUE,7
541,2004,TRUE,-0
541,2005,TRUE,1
541,2006,TRUE,2
541,2007,TRUE,3
541,2008,TRUE,4
541,2009,TRUE,5
541,2010,TRUE,6
541,2011,TRUE,7
541,2012,TRUE,8
541,2013,TRUE,9
541,2014,TRUE,10
541,2015,TRUE,11
541,2016,TRUE,12
541,2017,TRUE,13
541,2018,TRUE,14
541,2019,TRUE,15
541,2020,FALSE,16
542,2004,TRUE,-0
542,2005,TRUE,1
542,2006,TRUE,2
542,2007,TRUE,3
542,2008,TRUE,4
542,2009,TRUE,5
542,2010,TRUE,6
542,2011,TRUE,7
542,2012,TRUE,8
542,2013,TRUE,9
542,2014,TRUE,10
542,2015,TRUE,11
542,2016,TRUE,12
542,2017,TRUE,13
542,2018,TRUE,14
542,2019,TRUE,15
542,2020,TRUE,16
543,2004,FALSE,-99
543,2005,FALSE,-99
543,2006,FALSE,-99
543,2007,FALSE,-99
543,2008,FALSE,-99
543,2009,FALSE,-99
543,2010,FALSE,-99
543,2011,FALSE,-99
543,2012,FALSE,-99
543,2013,FALSE,-99
543,2014,FALSE,-99
543,2015,FALSE,-99
543,2016,FALSE,-99
543,2017,FALSE,-99
543,2018,FALSE,-99
543,2019,FALSE,-99
543,2020,FALSE,-99
544,2004,TRUE,-0
544,2005,TRUE,1
544,2006,TRUE,2
544,2007,TRUE,3
544,2008,TRUE,4
544,2009,TRUE,5
544,2010,TRUE,6
544,2011,TRUE,7
544,2012,TRUE,8
544,2013,TRUE,9
544,2014,TRUE,10
544,2015,TRUE,11
544,2016,TRUE,12
544,2017,TRUE,13
544,2018,TRUE,14
544,2019,TRUE,15
544,2020,TRUE,16
545,2004,FALSE,-13
545,2005,FALSE,-12
545,2006,FALSE,-11
545,2007,FALSE,-10
545,2008,FALSE,-9
545,2009,FALSE,-8
545,2010,FALSE,-7
545,2011,FALSE,-6
545,2012,FALSE,-5
545,2013,FALSE,-4
545,2014,FALSE,-3
545,2015,FALSE,-2
545,2016,FALSE,-1
545,2017,TRUE,-0
545,2018,TRUE,1
545,2019,TRUE,2
545,2020,TRUE,3
546,2004,FALSE,-9
546,2005,FALSE,-8
546,2006,FALSE,-7
546,2007,FALSE,-6
546,2008,FALSE,-5
546,2009,FALSE,-4
546,2010,FALSE,-3
546,2011,FALSE,-2
546,2012,FALSE,-1
546,2013,TRUE,-0
546,2014,TRUE,1
546,2015,TRUE,2
546,2016,TRUE,3
546,2017,TRUE,4
546,2018,TRUE,5
546,2019,TRUE,6
546,2020,TRUE,7
547,2004,FALSE,-9
547,2005,FALSE,-8
547,2006,FALSE,-7
547,2007,FALSE,-6
547,2008,FALSE,-5
547,2009,FALSE,-4
547,2010,FALSE,-3
547,2011,FALSE,-2
547,2012,FALSE,-1
547,2013,TRUE,-0
547,2014,TRUE,1
547,2015,TRUE,2
547,2016,TRUE,3
547,2017,TRUE,4
547,2018,TRUE,5
547,2019,TRUE,6
547,2020,TRUE,7
548,2004,FALSE,-7
548,2005,FALSE,-6
548,2006,FALSE,-5
548,2007,FALSE,-4
548,2008,FALSE,-3
548,2009,FALSE,-2
548,2010,FALSE,-1
548,2011,TRUE,-0
548,2012,TRUE,1
548,2013,TRUE,2
548,2014,TRUE,3
548,2015,TRUE,4
548,2016,TRUE,5
548,2017,TRUE,6
548,2018,TRUE,7
548,2019,TRUE,8
548,2020,TRUE,9
549,2004,FALSE,-99
549,2005,FALSE,-99
549,2006,FALSE,-99
549,2007,FALSE,-99
549,2008,FALSE,-99
549,2009,FALSE,-99
549,2010,FALSE,-99
549,2011,FALSE,-99
549,2012,FALSE,-99
549,2013,FALSE,-99
549,2014,FALSE,-99
549,2015,FALSE,-99
549,2016,FALSE,-99
549,2017,FALSE,-99
549,2018,FALSE,-99
549,2019,FALSE,-99
549,2020,FALSE,-99
550,2004,FALSE,-99
550,2005,FALSE,-99
550,2006,FALSE,-99
550,2007,FALSE,-99
550,2008,FALSE,-99
550,2009,FALSE,-99
550,2010,FALSE,-99
550,2011,FALSE,-99
550,2012,FALSE,-99
550,2013,FALSE,-99
550,2014,FALSE,-99
550,2015,FALSE,-99
550,2016,FALSE,-99
550,2017,FALSE,-99
550,2018,FALSE,-99
550,2019,FALSE,-99
550,2020,FALSE,-99
551,2004,FALSE,-7
551,2005,FALSE,-6
551,2006,FALSE,-5
551,2007,FALSE,-4
551,2008,FALSE,-3
551,2009,FALSE,-2
551,2010,FALSE,-1
551,2011,TRUE,-0
551,2012,TRUE,1
551,2013,FALSE,2
551,2014,FALSE,3
551,2015,FALSE,4
551,2016,FALSE,5
551,2017,FALSE,6
551,2018,FALSE,7
551,2019,FALSE,8
551,2020,FALSE,9
552,2004,FALSE,-99
552,2005,FALSE,-99
552,2006,FALSE,-99
552,2007,FALSE,-99
552,2008,FALSE,-99
552,2009,FALSE,-99
552,2010,FALSE,-99
552,2011,FALSE,-99
552,2012,FALSE,-99
552,2013,FALSE,-99
552,2014,FALSE,-99
552,2015,FALSE,-99
552,2016,FALSE,-99
552,2017,FALSE,-99
552,2018,FALSE,-99
552,2019,FALSE,-99
552,2020,FALSE,-99
553,2004,FALSE,-9
553,2005,FALSE,-8
553,2006,FALSE,-7
553,2007,FALSE,-6
553,2008,FALSE,-5
553,2009,FALSE,-4
553,2010,FALSE,-3
553,2011,FALSE,-2
553,2012,FALSE,-1
553,2013,TRUE,-0
553,2014,TRUE,1
553,2015,TRUE,2
553,2016,FALSE,3
553,2017,FALSE,4
553,2018,FALSE,5
553,2019,FALSE,6
553,2020,FALSE,7
554,2004,FALSE,-9
554,2005,FALSE,-8
554,2006,FALSE,-7
554,2007,FALSE,-6
554,2008,FALSE,-5
554,2009,FALSE,-4
554,2010,FALSE,-3
554,2011,FALSE,-2
554,2012,FALSE,-1
554,2013,TRUE,-0
554,2014,TRUE,1
554,2015,TRUE,2
554,2016,TRUE,3
554,2017,TRUE,4
554,2018,TRUE,5
554,2019,TRUE,6
554,2020,TRUE,7
555,2004,TRUE,-0
555,2005,TRUE,1
555,2006,TRUE,2
555,2007,TRUE,3
555,2008,TRUE,4
555,2009,TRUE,5
555,2010,TRUE,6
555,2011,TRUE,7
555,2012,TRUE,8
555,2013,TRUE,9
555,2014,TRUE,10
555,2015,TRUE,11
555,2016,TRUE,12
555,2017,TRUE,13
555,2018,TRUE,14
555,2019,TRUE,15
555,2020,TRUE,16
556,2004,TRUE,-0
556,2005,TRUE,1
556,2006,TRUE,2
556,2007,TRUE,3
556,2008,TRUE,4
556,2009,TRUE,5
556,2010,TRUE,6
556,2011,TRUE,7
556,2012,TRUE,8
556,2013,TRUE,9
556,2014,TRUE,10
556,2015,TRUE,11
556,2016,TRUE,12
556,2017,TRUE,13
556,2018,TRUE,14
556,2019,TRUE,15
556,2020,TRUE,16
557,2004,FALSE,-99
557,2005,FALSE,-99
557,2006,FALSE,-99
557,2007,FALSE,-99
557,2008,FALSE,-99
557,2009,FALSE,-99
557,2010,FALSE,-99
557,2011,FALSE,-99
557,2012,FALSE,-99
557,2013,FALSE,-99
557,2014,FALSE,-99
557,2015,FALSE,-99
557,2016,FALSE,-99
557,2017,FALSE,-99
557,2018,FALSE,-99
557,2019,FALSE,-99
557,2020,FALSE,-99
558,2004,FALSE,-99
558,2005,FALSE,-99
558,2006,FALSE,-99
558,2007,FALSE,-99
558,2008,FALSE,-99
558,2009,FALSE,-99
558,2010,FALSE,-99
558,2011,FALSE,-99
558,2012,FALSE,-99
558,2013,FALSE,-99
558,2014,FALSE,-99
558,2015,FALSE,-99
558,2016,FALSE,-99
558,2017,FALSE,-99
558,2018,FALSE,-99
558,2019,FALSE,-99
558,2020,FALSE,-99
559,2004,FALSE,-99
559,2005,FALSE,-99
559,2006,FALSE,-99
559,2007,FALSE,-99
559,2008,FALSE,-99
559,2009,FALSE,-99
559,2010,FALSE,-99
559,2011,FALSE,-99
559,2012,FALSE,-99
559,2013,FALSE,-99
559,2014,FALSE,-99
559,2015,FALSE,-99
559,2016,FALSE,-99
559,2017,FALSE,-99
559,2018,FALSE,-99
559,2019,FALSE,-99
559,2020,FALSE,-99
560,2004,TRUE,-0
560,2005,TRUE,1
560,2006,TRUE,2
560,2007,TRUE,3
560,2008,TRUE,4
560,2009,TRUE,5
560,2010,TRUE,6
560,2011,TRUE,7
560,2012,TRUE,8
560,2013,TRUE,9
560,2014,TRUE,10
560,2015,TRUE,11
560,2016,TRUE,12
560,2017,TRUE,13
560,2018,TRUE,14
560,2019,TRUE,15
560,2020,TRUE,16
561,2004,FALSE,-99
561,2005,FALSE,-99
561,2006,FALSE,-99
561,2007,FALSE,-99
561,2008,FALSE,-99
561,2009,FALSE,-99
561,2010,FALSE,-99
561,2011,FALSE,-99
561,2012,FALSE,-99
561,2013,FALSE,-99
561,2014,FALSE,-99
561,2015,FALSE,-99
561,2016,FALSE,-99
561,2017,FALSE,-99
561,2018,FALSE,-99
561,2019,FALSE,-99
561,2020,FALSE,-99
563,2004,FALSE,-7
563,2005,FALSE,-6
563,2006,FALSE,-5
563,2007,FALSE,-4
563,2008,FALSE,-3
563,2009,FALSE,-2
563,2010,FALSE,-1
563,2011,TRUE,-0
563,2012,TRUE,1
563,2013,TRUE,2
563,2014,TRUE,3
563,2015,TRUE,4
563,2016,TRUE,5
563,2017,TRUE,6
563,2018,TRUE,7
563,2019,TRUE,8
563,2020,TRUE,9
564,2004,TRUE,-0
564,2005,TRUE,1
564,2006,TRUE,2
564,2007,TRUE,3
564,2008,TRUE,4
564,2009,TRUE,5
564,2010,TRUE,6
564,2011,TRUE,7
564,2012,TRUE,8
564,2013,TRUE,9
564,2014,TRUE,10
564,2015,TRUE,11
564,2016,TRUE,12
564,2017,TRUE,13
564,2018,TRUE,14
564,2019,TRUE,15
564,2020,TRUE,16
565,2004,FALSE,-99
565,2005,FALSE,-99
565,2006,FALSE,-99
565,2007,FALSE,-99
565,2008,FALSE,-99
565,2009,FALSE,-99
565,2010,FALSE,-99
565,2011,FALSE,-99
565,2012,FALSE,-99
565,2013,FALSE,-99
565,2014,FALSE,-99
565,2015,FALSE,-99
565,2016,FALSE,-99
565,2017,FALSE,-99
565,2018,FALSE,-99
565,2019,FALSE,-99
565,2020,FALSE,-99
566,2004,FALSE,-99
566,2005,FALSE,-99
566,2006,FALSE,-99
566,2007,FALSE,-99
566,2008,FALSE,-99
566,2009,FALSE,-99
566,2010,FALSE,-99
566,2011,FALSE,-99
566,2012,FALSE,-99
566,2013,FALSE,-99
566,2014,FALSE,-99
566,2015,FALSE,-99
566,2016,FALSE,-99
566,2017,FALSE,-99
566,2018,FALSE,-99
566,2019,FALSE,-99
566,2020,FALSE,-99
567,2004,TRUE,-0
567,2005,TRUE,1
567,2006,TRUE,2
567,2007,TRUE,3
567,2008,TRUE,4
567,2009,TRUE,5
567,2010,TRUE,6
567,2011,TRUE,7
567,2012,TRUE,8
567,2013,TRUE,9
567,2014,TRUE,10
567,2015,TRUE,11
567,2016,TRUE,12
567,2017,TRUE,13
567,2018,TRUE,14
567,2019,TRUE,15
567,2020,TRUE,16
569,2004,FALSE,-8
569,2005,FALSE,-7
569,2006,FALSE,-6
569,2007,FALSE,-5
569,2008,FALSE,-4
569,2009,FALSE,-3
569,2010,FALSE,-2
569,2011,FALSE,-1
569,2012,TRUE,-0
569,2013,TRUE,1
569,2014,TRUE,2
569,2015,TRUE,3
569,2016,TRUE,4
569,2017,TRUE,5
569,2018,TRUE,6
569,2019,TRUE,7
569,2020,TRUE,8
570,2004,FALSE,-9
570,2005,FALSE,-8
570,2006,FALSE,-7
570,2007,FALSE,-6
570,2008,FALSE,-5
570,2009,FALSE,-4
570,2010,FALSE,-3
570,2011,FALSE,-2
570,2012,FALSE,-1
570,2013,TRUE,-0
570,2014,TRUE,1
570,2015,TRUE,2
570,2016,TRUE,3
570,2017,TRUE,4
570,2018,TRUE,5
570,2019,TRUE,6
570,2020,TRUE,7
571,2004,FALSE,-99
571,2005,FALSE,-99
571,2006,FALSE,-99
571,2007,FALSE,-99
571,2008,FALSE,-99
571,2009,FALSE,-99
571,2010,FALSE,-99
571,2011,FALSE,-99
571,2012,FALSE,-99
571,2013,FALSE,-99
571,2014,FALSE,-99
571,2015,FALSE,-99
571,2016,FALSE,-99
571,2017,FALSE,-99
571,2018,FALSE,-99
571,2019,FALSE,-99
571,2020,FALSE,-99
573,2004,FALSE,-10
573,2005,FALSE,-9
573,2006,FALSE,-8
573,2007,FALSE,-7
573,2008,FALSE,-6
573,2009,FALSE,-5
573,2010,FALSE,-4
573,2011,FALSE,-3
573,2012,FALSE,-2
573,2013,FALSE,-1
573,2014,TRUE,-0
573,2015,TRUE,1
573,2016,TRUE,2
573,2017,TRUE,3
573,2018,TRUE,4
573,2019,TRUE,5
573,2020,TRUE,6
574,2004,FALSE,-9
574,2005,FALSE,-8
574,2006,FALSE,-7
574,2007,FALSE,-6
574,2008,FALSE,-5
574,2009,FALSE,-4
574,2010,FALSE,-3
574,2011,FALSE,-2
574,2012,FALSE,-1
574,2013,TRUE,-0
574,2014,TRUE,1
574,2015,TRUE,2
574,2016,TRUE,3
574,2017,TRUE,4
574,2018,TRUE,5
574,2019,TRUE,6
574,2020,TRUE,7
575,2004,FALSE,-7
575,2005,FALSE,-6
575,2006,FALSE,-5
575,2007,FALSE,-4
575,2008,FALSE,-3
575,2009,FALSE,-2
575,2010,FALSE,-1
575,2011,TRUE,-0
575,2012,TRUE,1
575,2013,TRUE,2
575,2014,TRUE,3
575,2015,TRUE,4
575,2016,TRUE,5
575,2017,TRUE,6
575,2018,TRUE,7
575,2019,TRUE,8
575,2020,TRUE,9
576,2004,FALSE,-99
576,2005,FALSE,-99
576,2006,FALSE,-99
576,2007,FALSE,-99
576,2008,FALSE,-99
576,2009,FALSE,-99
576,2010,FALSE,-99
576,2011,FALSE,-99
576,2012,FALSE,-99
576,2013,FALSE,-99
576,2014,FALSE,-99
576,2015,FALSE,-99
576,2016,FALSE,-99
576,2017,FALSE,-99
576,2018,FALSE,-99
576,2019,FALSE,-99
576,2020,FALSE,-99
577,2004,FALSE,-10
577,2005,FALSE,-9
577,2006,FALSE,-8
577,2007,FALSE,-7
577,2008,FALSE,-6
577,2009,FALSE,-5
577,2010,FALSE,-4
577,2011,FALSE,-3
577,2012,FALSE,-2
577,2013,FALSE,-1
577,2014,TRUE,-0
577,2015,TRUE,1
577,2016,TRUE,2
577,2017,TRUE,3
577,2018,TRUE,4
577,2019,TRUE,5
577,2020,TRUE,6
581,2004,FALSE,-99
581,2005,FALSE,-99
581,2006,FALSE,-99
581,2007,FALSE,-99
581,2008,FALSE,-99
581,2009,FALSE,-99
581,2010,FALSE,-99
581,2011,FALSE,-99
581,2012,FALSE,-99
581,2013,FALSE,-99
581,2014,FALSE,-99
581,2015,FALSE,-99
581,2016,FALSE,-99
581,2017,FALSE,-99
581,2018,FALSE,-99
581,2019,FALSE,-99
581,2020,FALSE,-99
582,2004,FALSE,-99
582,2005,FALSE,-99
582,2006,FALSE,-99
582,2007,FALSE,-99
582,2008,FALSE,-99
582,2009,FALSE,-99
582,2010,FALSE,-99
582,2011,FALSE,-99
582,2012,FALSE,-99
582,2013,FALSE,-99
582,2014,FALSE,-99
582,2015,FALSE,-99
582,2016,FALSE,-99
582,2017,FALSE,-99
582,2018,FALSE,-99
582,2019,FALSE,-99
582,2020,FALSE,-99
583,2004,FALSE,-99
583,2005,FALSE,-99
583,2006,FALSE,-99
583,2007,FALSE,-99
583,2008,FALSE,-99
583,2009,FALSE,-99
583,2010,FALSE,-99
583,2011,FALSE,-99
583,2012,FALSE,-99
583,2013,FALSE,-99
583,2014,FALSE,-99
583,2015,FALSE,-99
583,2016,FALSE,-99
583,2017,FALSE,-99
583,2018,FALSE,-99
583,2019,FALSE,-99
583,2020,FALSE,-99
584,2004,FALSE,-99
584,2005,FALSE,-99
584,2006,FALSE,-99
584,2007,FALSE,-99
584,2008,FALSE,-99
584,2009,FALSE,-99
584,2010,FALSE,-99
584,2011,FALSE,-99
584,2012,FALSE,-99
584,2013,FALSE,-99
584,2014,FALSE,-99
584,2015,FALSE,-99
584,2016,FALSE,-99
584,2017,FALSE,-99
584,2018,FALSE,-99
584,2019,FALSE,-99
584,2020,FALSE,-99
588,2004,FALSE,-12
588,2005,FALSE,-11
588,2006,FALSE,-10
588,2007,FALSE,-9
588,2008,FALSE,-8
588,2009,FALSE,-7
588,2010,FALSE,-6
588,2011,FALSE,-5
588,2012,FALSE,-4
588,2013,FALSE,-3
588,2014,FALSE,-2
588,2015,FALSE,-1
588,2016,TRUE,-0
588,2017,TRUE,1
588,2018,TRUE,2
588,2019,TRUE,3
588,2020,TRUE,4
592,2004,FALSE,-10
592,2005,FALSE,-9
592,2006,FALSE,-8
592,2007,FALSE,-7
592,2008,FALSE,-6
592,2009,FALSE,-5
592,2010,FALSE,-4
592,2011,FALSE,-3
592,2012,FALSE,-2
592,2013,FALSE,-1
592,2014,TRUE,-0
592,2015,TRUE,1
592,2016,TRUE,2
592,2017,TRUE,3
592,2018,TRUE,4
592,2019,TRUE,5
592,2020,TRUE,6
596,2004,FALSE,-99
596,2005,FALSE,-99
596,2006,FALSE,-99
596,2007,FALSE,-99
596,2008,FALSE,-99
596,2009,FALSE,-99
596,2010,FALSE,-99
596,2011,FALSE,-99
596,2012,FALSE,-99
596,2013,FALSE,-99
596,2014,FALSE,-99
596,2015,FALSE,-99
596,2016,FALSE,-99
596,2017,FALSE,-99
596,2018,FALSE,-99
596,2019,FALSE,-99
596,2020,FALSE,-99
597,2004,FALSE,-99
597,2005,FALSE,-99
597,2006,FALSE,-99
597,2007,FALSE,-99
597,2008,FALSE,-99
597,2009,FALSE,-99
597,2010,FALSE,-99
597,2011,FALSE,-99
597,2012,FALSE,-99
597,2013,FALSE,-99
597,2014,FALSE,-99
597,2015,FALSE,-99
597,2016,FALSE,-99
597,2017,FALSE,-99
597,2018,FALSE,-99
597,2019,FALSE,-99
597,2020,FALSE,-99
598,2004,FALSE,-99
598,2005,FALSE,-99
598,2006,FALSE,-99
598,2007,FALSE,-99
598,2008,FALSE,-99
598,2009,FALSE,-99
598,2010,FALSE,-99
598,2011,FALSE,-99
598,2012,FALSE,-99
598,2013,FALSE,-99
598,2014,FALSE,-99
598,2015,FALSE,-99
598,2016,FALSE,-99
598,2017,FALSE,-99
598,2018,FALSE,-99
598,2019,FALSE,-99
598,2020,FALSE,-99
600,2004,FALSE,-12
600,2005,FALSE,-11
600,2006,FALSE,-10
600,2007,FALSE,-9
600,2008,FALSE,-8
600,2009,FALSE,-7
600,2010,FALSE,-6
600,2011,FALSE,-5
600,2012,FALSE,-4
600,2013,FALSE,-3
600,2014,FALSE,-2
600,2015,FALSE,-1
600,2016,TRUE,-0
600,2017,TRUE,1
600,2018,TRUE,2
600,2019,TRUE,3
600,2020,TRUE,4
602,2004,FALSE,-99
602,2005,FALSE,-99
602,2006,FALSE,-99
602,2007,FALSE,-99
602,2008,FALSE,-99
602,2009,FALSE,-99
602,2010,FALSE,-99
602,2011,FALSE,-99
602,2012,FALSE,-99
602,2013,FALSE,-99
602,2014,FALSE,-99
602,2015,FALSE,-99
602,2016,FALSE,-99
602,2017,FALSE,-99
602,2018,FALSE,-99
602,2019,FALSE,-99
602,2020,FALSE,-99
603,2004,FALSE,-99
603,2005,FALSE,-99
603,2006,FALSE,-99
603,2007,FALSE,-99
603,2008,FALSE,-99
603,2009,FALSE,-99
603,2010,FALSE,-99
603,2011,FALSE,-99
603,2012,FALSE,-99
603,2013,FALSE,-99
603,2014,FALSE,-99
603,2015,FALSE,-99
603,2016,FALSE,-99
603,2017,FALSE,-99
603,2018,FALSE,-99
603,2019,FALSE,-99
603,2020,FALSE,-99
604,2004,FALSE,-9
604,2005,FALSE,-8
604,2006,FALSE,-7
604,2007,FALSE,-6
604,2008,FALSE,-5
604,2009,FALSE,-4
604,2010,FALSE,-3
604,2011,FALSE,-2
604,2012,FALSE,-1
604,2013,TRUE,-0
604,2014,TRUE,1
604,2015,TRUE,2
604,2016,TRUE,3
604,2017,TRUE,4
604,2018,TRUE,5
604,2019,TRUE,6
604,2020,TRUE,7
605,2004,FALSE,-99
605,2005,FALSE,-99
605,2006,FALSE,-99
605,2007,FALSE,-99
605,2008,FALSE,-99
605,2009,FALSE,-99
605,2010,FALSE,-99
605,2011,FALSE,-99
605,2012,FALSE,-99
605,2013,FALSE,-99
605,2014,FALSE,-99
605,2015,FALSE,-99
605,2016,FALSE,-99
605,2017,FALSE,-99
605,2018,FALSE,-99
605,2019,FALSE,-99
605,2020,FALSE,-99
606,2004,FALSE,-99
606,2005,FALSE,-99
606,2006,FALSE,-99
606,2007,FALSE,-99
606,2008,FALSE,-99
606,2009,FALSE,-99
606,2010,FALSE,-99
606,2011,FALSE,-99
606,2012,FALSE,-99
606,2013,FALSE,-99
606,2014,FALSE,-99
606,2015,FALSE,-99
606,2016,FALSE,-99
606,2017,FALSE,-99
606,2018,FALSE,-99
606,2019,FALSE,-99
606,2020,FALSE,-99
609,2004,TRUE,-0
609,2005,TRUE,1
609,2006,TRUE,2
609,2007,TRUE,3
609,2008,TRUE,4
609,2009,TRUE,5
609,2010,TRUE,6
609,2011,TRUE,7
609,2012,TRUE,8
609,2013,TRUE,9
609,2014,TRUE,10
609,2015,TRUE,11
609,2016,TRUE,12
609,2017,TRUE,13
609,2018,TRUE,14
609,2019,TRUE,15
609,2020,TRUE,16
610,2004,FALSE,-99
610,2005,FALSE,-99
610,2006,FALSE,-99
610,2007,FALSE,-99
610,2008,FALSE,-99
610,2009,FALSE,-99
610,2010,FALSE,-99
610,2011,FALSE,-99
610,2012,FALSE,-99
610,2013,FALSE,-99
610,2014,FALSE,-99
610,2015,FALSE,-99
610,2016,FALSE,-99
610,2017,FALSE,-99
610,2018,FALSE,-99
610,2019,FALSE,-99
610,2020,FALSE,-99
611,2004,FALSE,-99
611,2005,FALSE,-99
611,2006,FALSE,-99
611,2007,FALSE,-99
611,2008,FALSE,-99
611,2009,FALSE,-99
611,2010,FALSE,-99
611,2011,FALSE,-99
611,2012,FALSE,-99
611,2013,FALSE,-99
611,2014,FALSE,-99
611,2015,FALSE,-99
611,2016,FALSE,-99
611,2017,FALSE,-99
611,2018,FALSE,-99
611,2019,FALSE,-99
611,2020,FALSE,-99
612,2004,FALSE,-99
612,2005,FALSE,-99
612,2006,FALSE,-99
612,2007,FALSE,-99
612,2008,FALSE,-99
612,2009,FALSE,-99
612,2010,FALSE,-99
612,2011,FALSE,-99
612,2012,FALSE,-99
612,2013,FALSE,-99
612,2014,FALSE,-99
612,2015,FALSE,-99
612,2016,FALSE,-99
612,2017,FALSE,-99
612,2018,FALSE,-99
612,2019,FALSE,-99
612,2020,FALSE,-99
613,2004,TRUE,-0
613,2005,TRUE,1
613,2006,TRUE,2
613,2007,TRUE,3
613,2008,TRUE,4
613,2009,TRUE,5
613,2010,TRUE,6
613,2011,TRUE,7
613,2012,TRUE,8
613,2013,TRUE,9
613,2014,TRUE,10
613,2015,TRUE,11
613,2016,TRUE,12
613,2017,TRUE,13
613,2018,TRUE,14
613,2019,TRUE,15
613,2020,TRUE,16
616,2004,TRUE,-0
616,2005,FALSE,1
616,2006,FALSE,2
616,2007,FALSE,3
616,2008,FALSE,4
616,2009,FALSE,5
616,2010,FALSE,6
616,2011,FALSE,7
616,2012,FALSE,8
616,2013,FALSE,9
616,2014,FALSE,10
616,2015,FALSE,11
616,2016,FALSE,12
616,2017,FALSE,13
616,2018,FALSE,14
616,2019,FALSE,15
616,2020,FALSE,16
617,2004,TRUE,-0
617,2005,TRUE,1
617,2006,TRUE,2
617,2007,TRUE,3
617,2008,TRUE,4
617,2009,TRUE,5
617,2010,TRUE,6
617,2011,TRUE,7
617,2012,TRUE,8
617,2013,TRUE,9
617,2014,TRUE,10
617,2015,TRUE,11
617,2016,TRUE,12
617,2017,TRUE,13
617,2018,TRUE,14
617,2019,TRUE,15
617,2020,TRUE,16
618,2004,FALSE,-99
618,2005,FALSE,-99
618,2006,FALSE,-99
618,2007,FALSE,-99
618,2008,FALSE,-99
618,2009,FALSE,-99
618,2010,FALSE,-99
618,2011,FALSE,-99
618,2012,FALSE,-99
618,2013,FALSE,-99
618,2014,FALSE,-99
618,2015,FALSE,-99
618,2016,FALSE,-99
618,2017,FALSE,-99
618,2018,FALSE,-99
618,2019,FALSE,-99
618,2020,FALSE,-99
619,2004,TRUE,-0
619,2005,TRUE,1
619,2006,TRUE,2
619,2007,FALSE,3
619,2008,FALSE,4
619,2009,FALSE,5
619,2010,FALSE,6
619,2011,FALSE,7
619,2012,FALSE,8
619,2013,FALSE,9
619,2014,FALSE,10
619,2015,FALSE,11
619,2016,FALSE,12
619,2017,FALSE,13
619,2018,FALSE,14
619,2019,FALSE,15
619,2020,FALSE,16
622,2004,FALSE,-99
622,2005,FALSE,-99
622,2006,FALSE,-99
622,2007,FALSE,-99
622,2008,FALSE,-99
622,2009,FALSE,-99
622,2010,FALSE,-99
622,2011,FALSE,-99
622,2012,FALSE,-99
622,2013,FALSE,-99
622,2014,FALSE,-99
622,2015,FALSE,-99
622,2016,FALSE,-99
622,2017,FALSE,-99
622,2018,FALSE,-99
622,2019,FALSE,-99
622,2020,FALSE,-99
623,2004,FALSE,-99
623,2005,FALSE,-99
623,2006,FALSE,-99
623,2007,FALSE,-99
623,2008,FALSE,-99
623,2009,FALSE,-99
623,2010,FALSE,-99
623,2011,FALSE,-99
623,2012,FALSE,-99
623,2013,FALSE,-99
623,2014,FALSE,-99
623,2015,FALSE,-99
623,2016,FALSE,-99
623,2017,FALSE,-99
623,2018,FALSE,-99
623,2019,FALSE,-99
623,2020,FALSE,-99
624,2004,FALSE,-9
624,2005,FALSE,-8
624,2006,FALSE,-7
624,2007,FALSE,-6
624,2008,FALSE,-5
624,2009,FALSE,-4
624,2010,FALSE,-3
624,2011,FALSE,-2
624,2012,FALSE,-1
624,2013,TRUE,-0
624,2014,TRUE,1
624,2015,TRUE,2
624,2016,TRUE,3
624,2017,TRUE,4
624,2018,TRUE,5
624,2019,TRUE,6
624,2020,TRUE,7
625,2004,FALSE,-99
625,2005,FALSE,-99
625,2006,FALSE,-99
625,2007,FALSE,-99
625,2008,FALSE,-99
625,2009,FALSE,-99
625,2010,FALSE,-99
625,2011,FALSE,-99
625,2012,FALSE,-99
625,2013,FALSE,-99
625,2014,FALSE,-99
625,2015,FALSE,-99
625,2016,FALSE,-99
625,2017,FALSE,-99
625,2018,FALSE,-99
625,2019,FALSE,-99
625,2020,FALSE,-99
626,2004,FALSE,-99
626,2005,FALSE,-99
626,2006,FALSE,-99
626,2007,FALSE,-99
626,2008,FALSE,-99
626,2009,FALSE,-99
626,2010,FALSE,-99
626,2011,FALSE,-99
626,2012,FALSE,-99
626,2013,FALSE,-99
626,2014,FALSE,-99
626,2015,FALSE,-99
626,2016,FALSE,-99
626,2017,FALSE,-99
626,2018,FALSE,-99
626,2019,FALSE,-99
626,2020,FALSE,-99
627,2004,FALSE,-99
627,2005,FALSE,-99
627,2006,FALSE,-99
627,2007,FALSE,-99
627,2008,FALSE,-99
627,2009,FALSE,-99
627,2010,FALSE,-99
627,2011,FALSE,-99
627,2012,FALSE,-99
627,2013,FALSE,-99
627,2014,FALSE,-99
627,2015,FALSE,-99
627,2016,FALSE,-99
627,2017,FALSE,-99
627,2018,FALSE,-99
627,2019,FALSE,-99
627,2020,FALSE,-99
628,2004,FALSE,-99
628,2005,FALSE,-99
628,2006,FALSE,-99
628,2007,FALSE,-99
628,2008,FALSE,-99
628,2009,FALSE,-99
628,2010,FALSE,-99
628,2011,FALSE,-99
628,2012,FALSE,-99
628,2013,FALSE,-99
628,2014,FALSE,-99
628,2015,FALSE,-99
628,2016,FALSE,-99
628,2017,FALSE,-99
628,2018,FALSE,-99
628,2019,FALSE,-99
628,2020,FALSE,-99
630,2004,TRUE,-0
630,2005,TRUE,1
630,2006,TRUE,2
630,2007,TRUE,3
630,2008,TRUE,4
630,2009,TRUE,5
630,2010,TRUE,6
630,2011,TRUE,7
630,2012,TRUE,8
630,2013,TRUE,9
630,2014,TRUE,10
630,2015,TRUE,11
630,2016,TRUE,12
630,2017,TRUE,13
630,2018,TRUE,14
630,2019,TRUE,15
630,2020,TRUE,16
631,2004,FALSE,-9
631,2005,FALSE,-8
631,2006,FALSE,-7
631,2007,FALSE,-6
631,2008,FALSE,-5
631,2009,FALSE,-4
631,2010,FALSE,-3
631,2011,FALSE,-2
631,2012,FALSE,-1
631,2013,TRUE,-0
631,2014,TRUE,1
631,2015,TRUE,2
631,2016,TRUE,3
631,2017,TRUE,4
631,2018,TRUE,5
631,2019,TRUE,6
631,2020,TRUE,7
632,2004,TRUE,-0
632,2005,TRUE,1
632,2006,TRUE,2
632,2007,TRUE,3
632,2008,TRUE,4
632,2009,TRUE,5
632,2010,TRUE,6
632,2011,TRUE,7
632,2012,TRUE,8
632,2013,TRUE,9
632,2014,TRUE,10
632,2015,TRUE,11
632,2016,TRUE,12
632,2017,TRUE,13
632,2018,TRUE,14
632,2019,TRUE,15
632,2020,TRUE,16
633,2004,FALSE,-99
633,2005,FALSE,-99
633,2006,FALSE,-99
633,2007,FALSE,-99
633,2008,FALSE,-99
633,2009,FALSE,-99
633,2010,FALSE,-99
633,2011,FALSE,-99
633,2012,FALSE,-99
633,2013,FALSE,-99
633,2014,FALSE,-99
633,2015,FALSE,-99
633,2016,FALSE,-99
633,2017,FALSE,-99
633,2018,FALSE,-99
633,2019,FALSE,-99
633,2020,FALSE,-99
634,2004,FALSE,-9
634,2005,FALSE,-8
634,2006,FALSE,-7
634,2007,FALSE,-6
634,2008,FALSE,-5
634,2009,FALSE,-4
634,2010,FALSE,-3
634,2011,FALSE,-2
634,2012,FALSE,-1
634,2013,TRUE,-0
634,2014,TRUE,1
634,2015,TRUE,2
634,2016,TRUE,3
634,2017,TRUE,4
634,2018,TRUE,5
634,2019,TRUE,6
634,2020,TRUE,7
635,2004,FALSE,-7
635,2005,FALSE,-6
635,2006,FALSE,-5
635,2007,FALSE,-4
635,2008,FALSE,-3
635,2009,FALSE,-2
635,2010,FALSE,-1
635,2011,TRUE,-0
635,2012,TRUE,1
635,2013,TRUE,2
635,2014,TRUE,3
635,2015,TRUE,4
635,2016,TRUE,5
635,2017,TRUE,6
635,2018,TRUE,7
635,2019,TRUE,8
635,2020,TRUE,9
636,2004,FALSE,-9
636,2005,FALSE,-8
636,2006,FALSE,-7
636,2007,FALSE,-6
636,2008,FALSE,-5
636,2009,FALSE,-4
636,2010,FALSE,-3
636,2011,FALSE,-2
636,2012,FALSE,-1
636,2013,TRUE,-0
636,2014,TRUE,1
636,2015,TRUE,2
636,2016,TRUE,3
636,2017,TRUE,4
636,2018,TRUE,5
636,2019,TRUE,6
636,2020,TRUE,7
637,2004,TRUE,-0
637,2005,TRUE,1
637,2006,TRUE,2
637,2007,TRUE,3
637,2008,TRUE,4
637,2009,TRUE,5
637,2010,TRUE,6
637,2011,TRUE,7
637,2012,TRUE,8
637,2013,TRUE,9
637,2014,TRUE,10
637,2015,TRUE,11
637,2016,TRUE,12
637,2017,TRUE,13
637,2018,TRUE,14
637,2019,TRUE,15
637,2020,TRUE,16
638,2004,FALSE,-99
638,2005,FALSE,-99
638,2006,FALSE,-99
638,2007,FALSE,-99
638,2008,FALSE,-99
638,2009,FALSE,-99
638,2010,FALSE,-99
638,2011,FALSE,-99
638,2012,FALSE,-99
638,2013,FALSE,-99
638,2014,FALSE,-99
638,2015,FALSE,-99
638,2016,FALSE,-99
638,2017,FALSE,-99
638,2018,FALSE,-99
638,2019,FALSE,-99
638,2020,FALSE,-99
639,2004,FALSE,-99
639,2005,FALSE,-99
639,2006,FALSE,-99
639,2007,FALSE,-99
639,2008,FALSE,-99
639,2009,FALSE,-99
639,2010,FALSE,-99
639,2011,FALSE,-99
639,2012,FALSE,-99
639,2013,FALSE,-99
639,2014,FALSE,-99
639,2015,FALSE,-99
639,2016,FALSE,-99
639,2017,FALSE,-99
639,2018,FALSE,-99
639,2019,FALSE,-99
639,2020,FALSE,-99
640,2004,FALSE,-99
640,2005,FALSE,-99
640,2006,FALSE,-99
640,2007,FALSE,-99
640,2008,FALSE,-99
640,2009,FALSE,-99
640,2010,FALSE,-99
640,2011,FALSE,-99
640,2012,FALSE,-99
640,2013,FALSE,-99
640,2014,FALSE,-99
640,2015,FALSE,-99
640,2016,FALSE,-99
640,2017,FALSE,-99
640,2018,FALSE,-99
640,2019,FALSE,-99
640,2020,FALSE,-99
641,2004,TRUE,-0
641,2005,TRUE,1
641,2006,TRUE,2
641,2007,TRUE,3
641,2008,TRUE,4
641,2009,TRUE,5
641,2010,TRUE,6
641,2011,TRUE,7
641,2012,TRUE,8
641,2013,TRUE,9
641,2014,TRUE,10
641,2015,TRUE,11
641,2016,TRUE,12
641,2017,TRUE,13
641,2018,TRUE,14
641,2019,TRUE,15
641,2020,TRUE,16
642,2004,FALSE,-99
642,2005,FALSE,-99
642,2006,FALSE,-99
642,2007,FALSE,-99
642,2008,FALSE,-99
642,2009,FALSE,-99
642,2010,FALSE,-99
642,2011,FALSE,-99
642,2012,FALSE,-99
642,2013,FALSE,-99
642,2014,FALSE,-99
642,2015,FALSE,-99
642,2016,FALSE,-99
642,2017,FALSE,-99
642,2018,FALSE,-99
642,2019,FALSE,-99
642,2020,FALSE,-99
643,2004,FALSE,-99
643,2005,FALSE,-99
643,2006,FALSE,-99
643,2007,FALSE,-99
643,2008,FALSE,-99
643,2009,FALSE,-99
643,2010,FALSE,-99
643,2011,FALSE,-99
643,2012,FALSE,-99
643,2013,FALSE,-99
643,2014,FALSE,-99
643,2015,FALSE,-99
643,2016,FALSE,-99
643,2017,FALSE,-99
643,2018,FALSE,-99
643,2019,FALSE,-99
643,2020,FALSE,-99
644,2004,FALSE,-99
644,2005,FALSE,-99
644,2006,FALSE,-99
644,2007,FALSE,-99
644,2008,FALSE,-99
644,2009,FALSE,-99
644,2010,FALSE,-99
644,2011,FALSE,-99
644,2012,FALSE,-99
644,2013,FALSE,-99
644,2014,FALSE,-99
644,2015,FALSE,-99
644,2016,FALSE,-99
644,2017,FALSE,-99
644,2018,FALSE,-99
644,2019,FALSE,-99
644,2020,FALSE,-99
647,2004,FALSE,-99
647,2005,FALSE,-99
647,2006,FALSE,-99
647,2007,FALSE,-99
647,2008,FALSE,-99
647,2009,FALSE,-99
647,2010,FALSE,-99
647,2011,FALSE,-99
647,2012,FALSE,-99
647,2013,FALSE,-99
647,2014,FALSE,-99
647,2015,FALSE,-99
647,2016,FALSE,-99
647,2017,FALSE,-99
647,2018,FALSE,-99
647,2019,FALSE,-99
647,2020,FALSE,-99
648,2004,TRUE,-0
648,2005,TRUE,1
648,2006,TRUE,2
648,2007,TRUE,3
648,2008,TRUE,4
648,2009,TRUE,5
648,2010,TRUE,6
648,2011,TRUE,7
648,2012,TRUE,8
648,2013,TRUE,9
648,2014,TRUE,10
648,2015,TRUE,11
648,2016,TRUE,12
648,2017,TRUE,13
648,2018,TRUE,14
648,2019,TRUE,15
648,2020,TRUE,16
649,2004,FALSE,-99
649,2005,FALSE,-99
649,2006,FALSE,-99
649,2007,FALSE,-99
649,2008,FALSE,-99
649,2009,FALSE,-99
649,2010,FALSE,-99
649,2011,FALSE,-99
649,2012,FALSE,-99
649,2013,FALSE,-99
649,2014,FALSE,-99
649,2015,FALSE,-99
649,2016,FALSE,-99
649,2017,FALSE,-99
649,2018,FALSE,-99
649,2019,FALSE,-99
649,2020,FALSE,-99
650,2004,TRUE,-0
650,2005,TRUE,1
650,2006,TRUE,2
650,2007,TRUE,3
650,2008,TRUE,4
650,2009,TRUE,5
650,2010,TRUE,6
650,2011,TRUE,7
650,2012,TRUE,8
650,2013,TRUE,9
650,2014,TRUE,10
650,2015,TRUE,11
650,2016,TRUE,12
650,2017,TRUE,13
650,2018,TRUE,14
650,2019,TRUE,15
650,2020,TRUE,16
651,2004,FALSE,-99
651,2005,FALSE,-99
651,2006,FALSE,-99
651,2007,FALSE,-99
651,2008,FALSE,-99
651,2009,FALSE,-99
651,2010,FALSE,-99
651,2011,FALSE,-99
651,2012,FALSE,-99
651,2013,FALSE,-99
651,2014,FALSE,-99
651,2015,FALSE,-99
651,2016,FALSE,-99
651,2017,FALSE,-99
651,2018,FALSE,-99
651,2019,FALSE,-99
651,2020,FALSE,-99
652,2004,FALSE,-9
652,2005,FALSE,-8
652,2006,FALSE,-7
652,2007,FALSE,-6
652,2008,FALSE,-5
652,2009,FALSE,-4
652,2010,FALSE,-3
652,2011,FALSE,-2
652,2012,FALSE,-1
652,2013,TRUE,-0
652,2014,TRUE,1
652,2015,TRUE,2
652,2016,TRUE,3
652,2017,TRUE,4
652,2018,TRUE,5
652,2019,TRUE,6
652,2020,TRUE,7
656,2004,FALSE,-99
656,2005,FALSE,-99
656,2006,FALSE,-99
656,2007,FALSE,-99
656,2008,FALSE,-99
656,2009,FALSE,-99
656,2010,FALSE,-99
656,2011,FALSE,-99
656,2012,FALSE,-99
656,2013,FALSE,-99
656,2014,FALSE,-99
656,2015,FALSE,-99
656,2016,FALSE,-99
656,2017,FALSE,-99
656,2018,FALSE,-99
656,2019,FALSE,-99
656,2020,FALSE,-99
657,2004,FALSE,-99
657,2005,FALSE,-99
657,2006,FALSE,-99
657,2007,FALSE,-99
657,2008,FALSE,-99
657,2009,FALSE,-99
657,2010,FALSE,-99
657,2011,FALSE,-99
657,2012,FALSE,-99
657,2013,FALSE,-99
657,2014,FALSE,-99
657,2015,FALSE,-99
657,2016,FALSE,-99
657,2017,FALSE,-99
657,2018,FALSE,-99
657,2019,FALSE,-99
657,2020,FALSE,-99
658,2004,FALSE,-10
658,2005,FALSE,-9
658,2006,FALSE,-8
658,2007,FALSE,-7
658,2008,FALSE,-6
658,2009,FALSE,-5
658,2010,FALSE,-4
658,2011,FALSE,-3
658,2012,FALSE,-2
658,2013,FALSE,-1
658,2014,TRUE,-0
658,2015,TRUE,1
658,2016,TRUE,2
658,2017,TRUE,3
658,2018,TRUE,4
658,2019,TRUE,5
658,2020,TRUE,6
659,2004,TRUE,-0
659,2005,TRUE,1
659,2006,TRUE,2
659,2007,TRUE,3
659,2008,TRUE,4
659,2009,TRUE,5
659,2010,TRUE,6
659,2011,TRUE,7
659,2012,TRUE,8
659,2013,TRUE,9
659,2014,TRUE,10
659,2015,TRUE,11
659,2016,TRUE,12
659,2017,TRUE,13
659,2018,TRUE,14
659,2019,TRUE,15
659,2020,TRUE,16
661,2004,FALSE,-13
661,2005,FALSE,-12
661,2006,FALSE,-11
661,2007,FALSE,-10
661,2008,FALSE,-9
661,2009,FALSE,-8
661,2010,FALSE,-7
661,2011,FALSE,-6
661,2012,FALSE,-5
661,2013,FALSE,-4
661,2014,FALSE,-3
661,2015,FALSE,-2
661,2016,FALSE,-1
661,2017,TRUE,-0
661,2018,TRUE,1
661,2019,TRUE,2
661,2020,TRUE,3
662,2004,FALSE,-13
662,2005,FALSE,-12
662,2006,FALSE,-11
662,2007,FALSE,-10
662,2008,FALSE,-9
662,2009,FALSE,-8
662,2010,FALSE,-7
662,2011,FALSE,-6
662,2012,FALSE,-5
662,2013,FALSE,-4
662,2014,FALSE,-3
662,2015,FALSE,-2
662,2016,FALSE,-1
662,2017,TRUE,-0
662,2018,TRUE,1
662,2019,TRUE,2
662,2020,TRUE,3
669,2004,TRUE,-0
669,2005,TRUE,1
669,2006,TRUE,2
669,2007,TRUE,3
669,2008,TRUE,4
669,2009,TRUE,5
669,2010,TRUE,6
669,2011,TRUE,7
669,2012,TRUE,8
669,2013,TRUE,9
669,2014,TRUE,10
669,2015,TRUE,11
669,2016,TRUE,12
669,2017,TRUE,13
669,2018,TRUE,14
669,2019,TRUE,15
669,2020,TRUE,16
670,2004,FALSE,-99
670,2005,FALSE,-99
670,2006,FALSE,-99
670,2007,FALSE,-99
670,2008,FALSE,-99
670,2009,FALSE,-99
670,2010,FALSE,-99
670,2011,FALSE,-99
670,2012,FALSE,-99
670,2013,FALSE,-99
670,2014,FALSE,-99
670,2015,FALSE,-99
670,2016,FALSE,-99
670,2017,FALSE,-99
670,2018,FALSE,-99
670,2019,FALSE,-99
670,2020,FALSE,-99
671,2004,FALSE,-10
671,2005,FALSE,-9
671,2006,FALSE,-8
671,2007,FALSE,-7
671,2008,FALSE,-6
671,2009,FALSE,-5
671,2010,FALSE,-4
671,2011,FALSE,-3
671,2012,FALSE,-2
671,2013,FALSE,-1
671,2014,TRUE,-0
671,2015,TRUE,1
671,2016,TRUE,2
671,2017,TRUE,3
671,2018,TRUE,4
671,2019,TRUE,5
671,2020,TRUE,6
673,2004,FALSE,-99
673,2005,FALSE,-99
673,2006,FALSE,-99
673,2007,FALSE,-99
673,2008,FALSE,-99
673,2009,FALSE,-99
673,2010,FALSE,-99
673,2011,FALSE,-99
673,2012,FALSE,-99
673,2013,FALSE,-99
673,2014,FALSE,-99
673,2015,FALSE,-99
673,2016,FALSE,-99
673,2017,FALSE,-99
673,2018,FALSE,-99
673,2019,FALSE,-99
673,2020,FALSE,-99
675,2004,TRUE,-0
675,2005,TRUE,1
675,2006,TRUE,2
675,2007,TRUE,3
675,2008,TRUE,4
675,2009,TRUE,5
675,2010,TRUE,6
675,2011,TRUE,7
675,2012,TRUE,8
675,2013,TRUE,9
675,2014,TRUE,10
675,2015,TRUE,11
675,2016,TRUE,12
675,2017,TRUE,13
675,2018,TRUE,14
675,2019,TRUE,15
675,2020,TRUE,16
676,2004,FALSE,-99
676,2005,FALSE,-99
676,2006,FALSE,-99
676,2007,FALSE,-99
676,2008,FALSE,-99
676,2009,FALSE,-99
676,2010,FALSE,-99
676,2011,FALSE,-99
676,2012,FALSE,-99
676,2013,FALSE,-99
676,2014,FALSE,-99
676,2015,FALSE,-99
676,2016,FALSE,-99
676,2017,FALSE,-99
676,2018,FALSE,-99
676,2019,FALSE,-99
676,2020,FALSE,-99
678,2004,FALSE,-8
678,2005,FALSE,-7
678,2006,FALSE,-6
678,2007,FALSE,-5
678,2008,FALSE,-4
678,2009,FALSE,-3
678,2010,FALSE,-2
678,2011,FALSE,-1
678,2012,TRUE,-0
678,2013,TRUE,1
678,2014,TRUE,2
678,2015,TRUE,3
678,2016,TRUE,4
678,2017,TRUE,5
678,2018,TRUE,6
678,2019,TRUE,7
678,2020,TRUE,8
679,2004,TRUE,-0
679,2005,TRUE,1
679,2006,TRUE,2
679,2007,TRUE,3
679,2008,TRUE,4
679,2009,TRUE,5
679,2010,TRUE,6
679,2011,TRUE,7
679,2012,TRUE,8
679,2013,TRUE,9
679,2014,TRUE,10
679,2015,TRUE,11
679,2016,TRUE,12
679,2017,TRUE,13
679,2018,TRUE,14
679,2019,TRUE,15
679,2020,TRUE,16
682,2004,FALSE,-99
682,2005,FALSE,-99
682,2006,FALSE,-99
682,2007,FALSE,-99
682,2008,FALSE,-99
682,2009,FALSE,-99
682,2010,FALSE,-99
682,2011,FALSE,-99
682,2012,FALSE,-99
682,2013,FALSE,-99
682,2014,FALSE,-99
682,2015,FALSE,-99
682,2016,FALSE,-99
682,2017,FALSE,-99
682,2018,FALSE,-99
682,2019,FALSE,-99
682,2020,FALSE,-99
686,2004,TRUE,-0
686,2005,TRUE,1
686,2006,TRUE,2
686,2007,TRUE,3
686,2008,TRUE,4
686,2009,TRUE,5
686,2010,TRUE,6
686,2011,TRUE,7
686,2012,TRUE,8
686,2013,TRUE,9
686,2014,TRUE,10
686,2015,TRUE,11
686,2016,TRUE,12
686,2017,TRUE,13
686,2018,TRUE,14
686,2019,TRUE,15
686,2020,TRUE,16
687,2004,FALSE,-99
687,2005,FALSE,-99
687,2006,FALSE,-99
687,2007,FALSE,-99
687,2008,FALSE,-99
687,2009,FALSE,-99
687,2010,FALSE,-99
687,2011,FALSE,-99
687,2012,FALSE,-99
687,2013,FALSE,-99
687,2014,FALSE,-99
687,2015,FALSE,-99
687,2016,FALSE,-99
687,2017,FALSE,-99
687,2018,FALSE,-99
687,2019,FALSE,-99
687,2020,FALSE,-99
691,2004,FALSE,-99
691,2005,FALSE,-99
691,2006,FALSE,-99
691,2007,FALSE,-99
691,2008,FALSE,-99
691,2009,FALSE,-99
691,2010,FALSE,-99
691,2011,FALSE,-99
691,2012,FALSE,-99
691,2013,FALSE,-99
691,2014,FALSE,-99
691,2015,FALSE,-99
691,2016,FALSE,-99
691,2017,FALSE,-99
691,2018,FALSE,-99
691,2019,FALSE,-99
691,2020,FALSE,-99
692,2004,FALSE,-7
692,2005,FALSE,-6
692,2006,FALSE,-5
692,2007,FALSE,-4
692,2008,FALSE,-3
692,2009,FALSE,-2
692,2010,FALSE,-1
692,2011,TRUE,-0
692,2012,TRUE,1
692,2013,TRUE,2
692,2014,TRUE,3
692,2015,TRUE,4
692,2016,TRUE,5
692,2017,TRUE,6
692,2018,TRUE,7
692,2019,TRUE,8
692,2020,TRUE,9
693,2004,FALSE,-10
693,2005,FALSE,-9
693,2006,FALSE,-8
693,2007,FALSE,-7
693,2008,FALSE,-6
693,2009,FALSE,-5
693,2010,FALSE,-4
693,2011,FALSE,-3
693,2012,FALSE,-2
693,2013,FALSE,-1
693,2014,TRUE,-0
693,2015,TRUE,1
693,2016,TRUE,2
693,2017,TRUE,3
693,2018,TRUE,4
693,2019,TRUE,5
693,2020,TRUE,6
698,2004,FALSE,-99
698,2005,FALSE,-99
698,2006,FALSE,-99
698,2007,FALSE,-99
698,2008,FALSE,-99
698,2009,FALSE,-99
698,2010,FALSE,-99
698,2011,FALSE,-99
698,2012,FALSE,-99
698,2013,FALSE,-99
698,2014,FALSE,-99
698,2015,FALSE,-99
698,2016,FALSE,-99
698,2017,FALSE,-99
698,2018,FALSE,-99
698,2019,FALSE,-99
698,2020,FALSE,-99
702,2004,FALSE,-99
702,2005,FALSE,-99
702,2006,FALSE,-99
702,2007,FALSE,-99
702,2008,FALSE,-99
702,2009,FALSE,-99
702,2010,FALSE,-99
702,2011,FALSE,-99
702,2012,FALSE,-99
702,2013,FALSE,-99
702,2014,FALSE,-99
702,2015,FALSE,-99
702,2016,FALSE,-99
702,2017,FALSE,-99
702,2018,FALSE,-99
702,2019,FALSE,-99
702,2020,FALSE,-99
705,2004,FALSE,-99
705,2005,FALSE,-99
705,2006,FALSE,-99
705,2007,FALSE,-99
705,2008,FALSE,-99
705,2009,FALSE,-99
705,2010,FALSE,-99
705,2011,FALSE,-99
705,2012,FALSE,-99
705,2013,FALSE,-99
705,2014,FALSE,-99
705,2015,FALSE,-99
705,2016,FALSE,-99
705,2017,FALSE,-99
705,2018,FALSE,-99
705,2019,FALSE,-99
705,2020,FALSE,-99
709,2004,FALSE,-99
709,2005,FALSE,-99
709,2006,FALSE,-99
709,2007,FALSE,-99
709,2008,FALSE,-99
709,2009,FALSE,-99
709,2010,FALSE,-99
709,2011,FALSE,-99
709,2012,FALSE,-99
709,2013,FALSE,-99
709,2014,FALSE,-99
709,2015,FALSE,-99
709,2016,FALSE,-99
709,2017,FALSE,-99
709,2018,FALSE,-99
709,2019,FALSE,-99
709,2020,FALSE,-99
710,2004,FALSE,-99
710,2005,FALSE,-99
710,2006,FALSE,-99
710,2007,FALSE,-99
710,2008,FALSE,-99
710,2009,FALSE,-99
710,2010,FALSE,-99
710,2011,FALSE,-99
710,2012,FALSE,-99
710,2013,FALSE,-99
710,2014,FALSE,-99
710,2015,FALSE,-99
710,2016,FALSE,-99
710,2017,FALSE,-99
710,2018,FALSE,-99
710,2019,FALSE,-99
710,2020,FALSE,-99
711,2004,FALSE,-99
711,2005,FALSE,-99
711,2006,FALSE,-99
711,2007,FALSE,-99
711,2008,FALSE,-99
711,2009,FALSE,-99
711,2010,FALSE,-99
711,2011,FALSE,-99
711,2012,FALSE,-99
711,2013,FALSE,-99
711,2014,FALSE,-99
711,2015,FALSE,-99
711,2016,FALSE,-99
711,2017,FALSE,-99
711,2018,FALSE,-99
711,2019,FALSE,-99
711,2020,FALSE,-99
716,2004,FALSE,-99
716,2005,FALSE,-99
716,2006,FALSE,-99
716,2007,FALSE,-99
716,2008,FALSE,-99
716,2009,FALSE,-99
716,2010,FALSE,-99
716,2011,FALSE,-99
716,2012,FALSE,-99
716,2013,FALSE,-99
716,2014,FALSE,-99
716,2015,FALSE,-99
716,2016,FALSE,-99
716,2017,FALSE,-99
716,2018,FALSE,-99
716,2019,FALSE,-99
716,2020,FALSE,-99
717,2004,FALSE,-9
717,2005,FALSE,-8
717,2006,FALSE,-7
717,2007,FALSE,-6
717,2008,FALSE,-5
717,2009,FALSE,-4
717,2010,FALSE,-3
717,2011,FALSE,-2
717,2012,FALSE,-1
717,2013,TRUE,-0
717,2014,TRUE,1
717,2015,TRUE,2
717,2016,TRUE,3
717,2017,TRUE,4
717,2018,TRUE,5
717,2019,TRUE,6
717,2020,TRUE,7
718,2004,FALSE,-99
718,2005,FALSE,-99
718,2006,FALSE,-99
718,2007,FALSE,-99
718,2008,FALSE,-99
718,2009,FALSE,-99
718,2010,FALSE,-99
718,2011,FALSE,-99
718,2012,FALSE,-99
718,2013,FALSE,-99
718,2014,FALSE,-99
718,2015,FALSE,-99
718,2016,FALSE,-99
718,2017,FALSE,-99
718,2018,FALSE,-99
718,2019,FALSE,-99
718,2020,FALSE,-99
722,2004,FALSE,-12
722,2005,FALSE,-11
722,2006,FALSE,-10
722,2007,FALSE,-9
722,2008,FALSE,-8
722,2009,FALSE,-7
722,2010,FALSE,-6
722,2011,FALSE,-5
722,2012,FALSE,-4
722,2013,FALSE,-3
722,2014,FALSE,-2
722,2015,FALSE,-1
722,2016,TRUE,-0
722,2017,TRUE,1
722,2018,TRUE,2
722,2019,TRUE,3
722,2020,TRUE,4
724,2004,FALSE,-99
724,2005,FALSE,-99
724,2006,FALSE,-99
724,2007,FALSE,-99
724,2008,FALSE,-99
724,2009,FALSE,-99
724,2010,FALSE,-99
724,2011,FALSE,-99
724,2012,FALSE,-99
724,2013,FALSE,-99
724,2014,FALSE,-99
724,2015,FALSE,-99
724,2016,FALSE,-99
724,2017,FALSE,-99
724,2018,FALSE,-99
724,2019,FALSE,-99
724,2020,FALSE,-99
725,2004,FALSE,-99
725,2005,FALSE,-99
725,2006,FALSE,-99
725,2007,FALSE,-99
725,2008,FALSE,-99
725,2009,FALSE,-99
725,2010,FALSE,-99
725,2011,FALSE,-99
725,2012,FALSE,-99
725,2013,FALSE,-99
725,2014,FALSE,-99
725,2015,FALSE,-99
725,2016,FALSE,-99
725,2017,FALSE,-99
725,2018,FALSE,-99
725,2019,FALSE,-99
725,2020,FALSE,-99
734,2004,FALSE,-99
734,2005,FALSE,-99
734,2006,FALSE,-99
734,2007,FALSE,-99
734,2008,FALSE,-99
734,2009,FALSE,-99
734,2010,FALSE,-99
734,2011,FALSE,-99
734,2012,FALSE,-99
734,2013,FALSE,-99
734,2014,FALSE,-99
734,2015,FALSE,-99
734,2016,FALSE,-99
734,2017,FALSE,-99
734,2018,FALSE,-99
734,2019,FALSE,-99
734,2020,FALSE,-99
736,2004,FALSE,-99
736,2005,FALSE,-99
736,2006,FALSE,-99
736,2007,FALSE,-99
736,2008,FALSE,-99
736,2009,FALSE,-99
736,2010,FALSE,-99
736,2011,FALSE,-99
736,2012,FALSE,-99
736,2013,FALSE,-99
736,2014,FALSE,-99
736,2015,FALSE,-99
736,2016,FALSE,-99
736,2017,FALSE,-99
736,2018,FALSE,-99
736,2019,FALSE,-99
736,2020,FALSE,-99
737,2004,FALSE,-99
737,2005,FALSE,-99
737,2006,FALSE,-99
737,2007,FALSE,-99
737,2008,FALSE,-99
737,2009,FALSE,-99
737,2010,FALSE,-99
737,2011,FALSE,-99
737,2012,FALSE,-99
737,2013,FALSE,-99
737,2014,FALSE,-99
737,2015,FALSE,-99
737,2016,FALSE,-99
737,2017,FALSE,-99
737,2018,FALSE,-99
737,2019,FALSE,-99
737,2020,FALSE,-99
740,2004,FALSE,-99
740,2005,FALSE,-99
740,2006,FALSE,-99
740,2007,FALSE,-99
740,2008,FALSE,-99
740,2009,FALSE,-99
740,2010,FALSE,-99
740,2011,FALSE,-99
740,2012,FALSE,-99
740,2013,FALSE,-99
740,2014,FALSE,-99
740,2015,FALSE,-99
740,2016,FALSE,-99
740,2017,FALSE,-99
740,2018,FALSE,-99
740,2019,FALSE,-99
740,2020,FALSE,-99
743,2004,FALSE,-99
743,2005,FALSE,-99
743,2006,FALSE,-99
743,2007,FALSE,-99
743,2008,FALSE,-99
743,2009,FALSE,-99
743,2010,FALSE,-99
743,2011,FALSE,-99
743,2012,FALSE,-99
743,2013,FALSE,-99
743,2014,FALSE,-99
743,2015,FALSE,-99
743,2016,FALSE,-99
743,2017,FALSE,-99
743,2018,FALSE,-99
743,2019,FALSE,-99
743,2020,FALSE,-99
744,2004,FALSE,-99
744,2005,FALSE,-99
744,2006,FALSE,-99
744,2007,FALSE,-99
744,2008,FALSE,-99
744,2009,FALSE,-99
744,2010,FALSE,-99
744,2011,FALSE,-99
744,2012,FALSE,-99
744,2013,FALSE,-99
744,2014,FALSE,-99
744,2015,FALSE,-99
744,2016,FALSE,-99
744,2017,FALSE,-99
744,2018,FALSE,-99
744,2019,FALSE,-99
744,2020,FALSE,-99
745,2004,FALSE,-99
745,2005,FALSE,-99
745,2006,FALSE,-99
745,2007,FALSE,-99
745,2008,FALSE,-99
745,2009,FALSE,-99
745,2010,FALSE,-99
745,2011,FALSE,-99
745,2012,FALSE,-99
745,2013,FALSE,-99
745,2014,FALSE,-99
745,2015,FALSE,-99
745,2016,FALSE,-99
745,2017,FALSE,-99
745,2018,FALSE,-99
745,2019,FALSE,-99
745,2020,FALSE,-99
746,2004,FALSE,-99
746,2005,FALSE,-99
746,2006,FALSE,-99
746,2007,FALSE,-99
746,2008,FALSE,-99
746,2009,FALSE,-99
746,2010,FALSE,-99
746,2011,FALSE,-99
746,2012,FALSE,-99
746,2013,FALSE,-99
746,2014,FALSE,-99
746,2015,FALSE,-99
746,2016,FALSE,-99
746,2017,FALSE,-99
746,2018,FALSE,-99
746,2019,FALSE,-99
746,2020,FALSE,-99
747,2004,FALSE,-99
747,2005,FALSE,-99
747,2006,FALSE,-99
747,2007,FALSE,-99
747,2008,FALSE,-99
747,2009,FALSE,-99
747,2010,FALSE,-99
747,2011,FALSE,-99
747,2012,FALSE,-99
747,2013,FALSE,-99
747,2014,FALSE,-99
747,2015,FALSE,-99
747,2016,FALSE,-99
747,2017,FALSE,-99
747,2018,FALSE,-99
747,2019,FALSE,-99
747,2020,FALSE,-99
749,2004,FALSE,-99
749,2005,FALSE,-99
749,2006,FALSE,-99
749,2007,FALSE,-99
749,2008,FALSE,-99
749,2009,FALSE,-99
749,2010,FALSE,-99
749,2011,FALSE,-99
749,2012,FALSE,-99
749,2013,FALSE,-99
749,2014,FALSE,-99
749,2015,FALSE,-99
749,2016,FALSE,-99
749,2017,FALSE,-99
749,2018,FALSE,-99
749,2019,FALSE,-99
749,2020,FALSE,-99
751,2004,FALSE,-99
751,2005,FALSE,-99
751,2006,FALSE,-99
751,2007,FALSE,-99
751,2008,FALSE,-99
751,2009,FALSE,-99
751,2010,FALSE,-99
751,2011,FALSE,-99
751,2012,FALSE,-99
751,2013,FALSE,-99
751,2014,FALSE,-99
751,2015,FALSE,-99
751,2016,FALSE,-99
751,2017,FALSE,-99
751,2018,FALSE,-99
751,2019,FALSE,-99
751,2020,FALSE,-99
752,2004,FALSE,-9
752,2005,FALSE,-8
752,2006,FALSE,-7
752,2007,FALSE,-6
752,2008,FALSE,-5
752,2009,FALSE,-4
752,2010,FALSE,-3
752,2011,FALSE,-2
752,2012,FALSE,-1
752,2013,TRUE,-0
752,2014,FALSE,1
752,2015,FALSE,2
752,2016,FALSE,3
752,2017,FALSE,4
752,2018,FALSE,5
752,2019,FALSE,6
752,2020,FALSE,7
753,2004,FALSE,-99
753,2005,FALSE,-99
753,2006,FALSE,-99
753,2007,FALSE,-99
753,2008,FALSE,-99
753,2009,FALSE,-99
753,2010,FALSE,-99
753,2011,FALSE,-99
753,2012,FALSE,-99
753,2013,FALSE,-99
753,2014,FALSE,-99
753,2015,FALSE,-99
753,2016,FALSE,-99
753,2017,FALSE,-99
753,2018,FALSE,-99
753,2019,FALSE,-99
753,2020,FALSE,-99
754,2004,FALSE,-13
754,2005,FALSE,-12
754,2006,FALSE,-11
754,2007,FALSE,-10
754,2008,FALSE,-9
754,2009,FALSE,-8
754,2010,FALSE,-7
754,2011,FALSE,-6
754,2012,FALSE,-5
754,2013,FALSE,-4
754,2014,FALSE,-3
754,2015,FALSE,-2
754,2016,FALSE,-1
754,2017,TRUE,-0
754,2018,TRUE,1
754,2019,TRUE,2
754,2020,TRUE,3
755,2004,FALSE,-99
755,2005,FALSE,-99
755,2006,FALSE,-99
755,2007,FALSE,-99
755,2008,FALSE,-99
755,2009,FALSE,-99
755,2010,FALSE,-99
755,2011,FALSE,-99
755,2012,FALSE,-99
755,2013,FALSE,-99
755,2014,FALSE,-99
755,2015,FALSE,-99
755,2016,FALSE,-99
755,2017,FALSE,-99
755,2018,FALSE,-99
755,2019,FALSE,-99
755,2020,FALSE,-99
756,2004,FALSE,-99
756,2005,FALSE,-99
756,2006,FALSE,-99
756,2007,FALSE,-99
756,2008,FALSE,-99
756,2009,FALSE,-99
756,2010,FALSE,-99
756,2011,FALSE,-99
756,2012,FALSE,-99
756,2013,FALSE,-99
756,2014,FALSE,-99
756,2015,FALSE,-99
756,2016,FALSE,-99
756,2017,FALSE,-99
756,2018,FALSE,-99
756,2019,FALSE,-99
756,2020,FALSE,-99
757,2004,FALSE,-9
757,2005,FALSE,-8
757,2006,FALSE,-7
757,2007,FALSE,-6
757,2008,FALSE,-5
757,2009,FALSE,-4
757,2010,FALSE,-3
757,2011,FALSE,-2
757,2012,FALSE,-1
757,2013,TRUE,-0
757,2014,TRUE,1
757,2015,TRUE,2
757,2016,TRUE,3
757,2017,TRUE,4
757,2018,TRUE,5
757,2019,TRUE,6
757,2020,TRUE,7
758,2004,FALSE,-99
758,2005,FALSE,-99
758,2006,FALSE,-99
758,2007,FALSE,-99
758,2008,FALSE,-99
758,2009,FALSE,-99
758,2010,FALSE,-99
758,2011,FALSE,-99
758,2012,FALSE,-99
758,2013,FALSE,-99
758,2014,FALSE,-99
758,2015,FALSE,-99
758,2016,FALSE,-99
758,2017,FALSE,-99
758,2018,FALSE,-99
758,2019,FALSE,-99
758,2020,FALSE,-99
759,2004,FALSE,-99
759,2005,FALSE,-99
759,2006,FALSE,-99
759,2007,FALSE,-99
759,2008,FALSE,-99
759,2009,FALSE,-99
759,2010,FALSE,-99
759,2011,FALSE,-99
759,2012,FALSE,-99
759,2013,FALSE,-99
759,2014,FALSE,-99
759,2015,FALSE,-99
759,2016,FALSE,-99
759,2017,FALSE,-99
759,2018,FALSE,-99
759,2019,FALSE,-99
759,2020,FALSE,-99
760,2004,FALSE,-99
760,2005,FALSE,-99
760,2006,FALSE,-99
760,2007,FALSE,-99
760,2008,FALSE,-99
760,2009,FALSE,-99
760,2010,FALSE,-99
760,2011,FALSE,-99
760,2012,FALSE,-99
760,2013,FALSE,-99
760,2014,FALSE,-99
760,2015,FALSE,-99
760,2016,FALSE,-99
760,2017,FALSE,-99
760,2018,FALSE,-99
760,2019,FALSE,-99
760,2020,FALSE,-99
762,2004,FALSE,-13
762,2005,FALSE,-12
762,2006,FALSE,-11
762,2007,FALSE,-10
762,2008,FALSE,-9
762,2009,FALSE,-8
762,2010,FALSE,-7
762,2011,FALSE,-6
762,2012,FALSE,-5
762,2013,FALSE,-4
762,2014,FALSE,-3
762,2015,FALSE,-2
762,2016,FALSE,-1
762,2017,TRUE,-0
762,2018,TRUE,1
762,2019,TRUE,2
762,2020,TRUE,3
764,2004,FALSE,-99
764,2005,FALSE,-99
764,2006,FALSE,-99
764,2007,FALSE,-99
764,2008,FALSE,-99
764,2009,FALSE,-99
764,2010,FALSE,-99
764,2011,FALSE,-99
764,2012,FALSE,-99
764,2013,FALSE,-99
764,2014,FALSE,-99
764,2015,FALSE,-99
764,2016,FALSE,-99
764,2017,FALSE,-99
764,2018,FALSE,-99
764,2019,FALSE,-99
764,2020,FALSE,-99
765,2004,FALSE,-9
765,2005,FALSE,-8
765,2006,FALSE,-7
765,2007,FALSE,-6
765,2008,FALSE,-5
765,2009,FALSE,-4
765,2010,FALSE,-3
765,2011,FALSE,-2
765,2012,FALSE,-1
765,2013,TRUE,-0
765,2014,TRUE,1
765,2015,TRUE,2
765,2016,TRUE,3
765,2017,TRUE,4
765,2018,TRUE,5
765,2019,TRUE,6
765,2020,TRUE,7
766,2004,FALSE,-99
766,2005,FALSE,-99
766,2006,FALSE,-99
766,2007,FALSE,-99
766,2008,FALSE,-99
766,2009,FALSE,-99
766,2010,FALSE,-99
766,2011,FALSE,-99
766,2012,FALSE,-99
766,2013,FALSE,-99
766,2014,FALSE,-99
766,2015,FALSE,-99
766,2016,FALSE,-99
766,2017,FALSE,-99
766,2018,FALSE,-99
766,2019,FALSE,-99
766,2020,FALSE,-99
767,2004,FALSE,-99
767,2005,FALSE,-99
767,2006,FALSE,-99
767,2007,FALSE,-99
767,2008,FALSE,-99
767,2009,FALSE,-99
767,2010,FALSE,-99
767,2011,FALSE,-99
767,2012,FALSE,-99
767,2013,FALSE,-99
767,2014,FALSE,-99
767,2015,FALSE,-99
767,2016,FALSE,-99
767,2017,FALSE,-99
767,2018,FALSE,-99
767,2019,FALSE,-99
767,2020,FALSE,-99
770,2004,FALSE,-7
770,2005,FALSE,-6
770,2006,FALSE,-5
770,2007,FALSE,-4
770,2008,FALSE,-3
770,2009,FALSE,-2
770,2010,FALSE,-1
770,2011,TRUE,-0
770,2012,TRUE,1
770,2013,TRUE,2
770,2014,TRUE,3
770,2015,TRUE,4
770,2016,TRUE,5
770,2017,TRUE,6
770,2018,TRUE,7
770,2019,TRUE,8
770,2020,TRUE,9
771,2004,FALSE,-99
771,2005,FALSE,-99
771,2006,FALSE,-99
771,2007,FALSE,-99
771,2008,FALSE,-99
771,2009,FALSE,-99
771,2010,FALSE,-99
771,2011,FALSE,-99
771,2012,FALSE,-99
771,2013,FALSE,-99
771,2014,FALSE,-99
771,2015,FALSE,-99
771,2016,FALSE,-99
771,2017,FALSE,-99
771,2018,FALSE,-99
771,2019,FALSE,-99
771,2020,FALSE,-99
773,2004,FALSE,-99
773,2005,FALSE,-99
773,2006,FALSE,-99
773,2007,FALSE,-99
773,2008,FALSE,-99
773,2009,FALSE,-99
773,2010,FALSE,-99
773,2011,FALSE,-99
773,2012,FALSE,-99
773,2013,FALSE,-99
773,2014,FALSE,-99
773,2015,FALSE,-99
773,2016,FALSE,-99
773,2017,FALSE,-99
773,2018,FALSE,-99
773,2019,FALSE,-99
773,2020,FALSE,-99
789,2004,FALSE,-99
789,2005,FALSE,-99
789,2006,FALSE,-99
789,2007,FALSE,-99
789,2008,FALSE,-99
789,2009,FALSE,-99
789,2010,FALSE,-99
789,2011,FALSE,-99
789,2012,FALSE,-99
789,2013,FALSE,-99
789,2014,FALSE,-99
789,2015,FALSE,-99
789,2016,FALSE,-99
789,2017,FALSE,-99
789,2018,FALSE,-99
789,2019,FALSE,-99
789,2020,FALSE,-99
790,2004,FALSE,-99
790,2005,FALSE,-99
790,2006,FALSE,-99
790,2007,FALSE,-99
790,2008,FALSE,-99
790,2009,FALSE,-99
790,2010,FALSE,-99
790,2011,FALSE,-99
790,2012,FALSE,-99
790,2013,FALSE,-99
790,2014,FALSE,-99
790,2015,FALSE,-99
790,2016,FALSE,-99
790,2017,FALSE,-99
790,2018,FALSE,-99
790,2019,FALSE,-99
790,2020,FALSE,-99
798,2004,FALSE,-99
798,2005,FALSE,-99
798,2006,FALSE,-99
798,2007,FALSE,-99
798,2008,FALSE,-99
798,2009,FALSE,-99
798,2010,FALSE,-99
798,2011,FALSE,-99
798,2012,FALSE,-99
798,2013,FALSE,-99
798,2014,FALSE,-99
798,2015,FALSE,-99
798,2016,FALSE,-99
798,2017,FALSE,-99
798,2018,FALSE,-99
798,2019,FALSE,-99
798,2020,FALSE,-99
800,2004,FALSE,-9
800,2005,FALSE,-8
800,2006,FALSE,-7
800,2007,FALSE,-6
800,2008,FALSE,-5
800,2009,FALSE,-4
800,2010,FALSE,-3
800,2011,FALSE,-2
800,2012,FALSE,-1
800,2013,TRUE,-0
800,2014,TRUE,1
800,2015,TRUE,2
800,2016,TRUE,3
800,2017,TRUE,4
800,2018,TRUE,5
800,2019,TRUE,6
800,2020,TRUE,7
801,2004,FALSE,-9
801,2005,FALSE,-8
801,2006,FALSE,-7
801,2007,FALSE,-6
801,2008,FALSE,-5
801,2009,FALSE,-4
801,2010,FALSE,-3
801,2011,FALSE,-2
801,2012,FALSE,-1
801,2013,TRUE,-0
801,2014,TRUE,1
801,2015,TRUE,2
801,2016,TRUE,3
801,2017,TRUE,4
801,2018,TRUE,5
801,2019,TRUE,6
801,2020,TRUE,7
802,2004,FALSE,-13
802,2005,FALSE,-12
802,2006,FALSE,-11
802,2007,FALSE,-10
802,2008,FALSE,-9
802,2009,FALSE,-8
802,2010,FALSE,-7
802,2011,FALSE,-6
802,2012,FALSE,-5
802,2013,FALSE,-4
802,2014,FALSE,-3
802,2015,FALSE,-2
802,2016,FALSE,-1
802,2017,TRUE,-0
802,2018,TRUE,1
802,2019,TRUE,2
802,2020,TRUE,3
803,2004,FALSE,-99
803,2005,FALSE,-99
803,2006,FALSE,-99
803,2007,FALSE,-99
803,2008,FALSE,-99
803,2009,FALSE,-99
803,2010,FALSE,-99
803,2011,FALSE,-99
803,2012,FALSE,-99
803,2013,FALSE,-99
803,2014,FALSE,-99
803,2015,FALSE,-99
803,2016,FALSE,-99
803,2017,FALSE,-99
803,2018,FALSE,-99
803,2019,FALSE,-99
803,2020,FALSE,-99
804,2004,FALSE,-99
804,2005,FALSE,-99
804,2006,FALSE,-99
804,2007,FALSE,-99
804,2008,FALSE,-99
804,2009,FALSE,-99
804,2010,FALSE,-99
804,2011,FALSE,-99
804,2012,FALSE,-99
804,2013,FALSE,-99
804,2014,FALSE,-99
804,2015,FALSE,-99
804,2016,FALSE,-99
804,2017,FALSE,-99
804,2018,FALSE,-99
804,2019,FALSE,-99
804,2020,FALSE,-99
807,2004,FALSE,-99
807,2005,FALSE,-99
807,2006,FALSE,-99
807,2007,FALSE,-99
807,2008,FALSE,-99
807,2009,FALSE,-99
807,2010,FALSE,-99
807,2011,FALSE,-99
807,2012,FALSE,-99
807,2013,FALSE,-99
807,2014,FALSE,-99
807,2015,FALSE,-99
807,2016,FALSE,-99
807,2017,FALSE,-99
807,2018,FALSE,-99
807,2019,FALSE,-99
807,2020,FALSE,-99
810,2004,FALSE,-9
810,2005,FALSE,-8
810,2006,FALSE,-7
810,2007,FALSE,-6
810,2008,FALSE,-5
810,2009,FALSE,-4
810,2010,FALSE,-3
810,2011,FALSE,-2
810,2012,FALSE,-1
810,2013,TRUE,-0
810,2014,TRUE,1
810,2015,TRUE,2
810,2016,TRUE,3
810,2017,TRUE,4
810,2018,TRUE,5
810,2019,TRUE,6
810,2020,TRUE,7
811,2004,FALSE,-9
811,2005,FALSE,-8
811,2006,FALSE,-7
811,2007,FALSE,-6
811,2008,FALSE,-5
811,2009,FALSE,-4
811,2010,FALSE,-3
811,2011,FALSE,-2
811,2012,FALSE,-1
811,2013,TRUE,-0
811,2014,TRUE,1
811,2015,TRUE,2
811,2016,TRUE,3
811,2017,TRUE,4
811,2018,TRUE,5
811,2019,TRUE,6
811,2020,TRUE,7
813,2004,FALSE,-7
813,2005,FALSE,-6
813,2006,FALSE,-5
813,2007,FALSE,-4
813,2008,FALSE,-3
813,2009,FALSE,-2
813,2010,FALSE,-1
813,2011,TRUE,-0
813,2012,TRUE,1
813,2013,TRUE,2
813,2014,TRUE,3
813,2015,TRUE,4
813,2016,TRUE,5
813,2017,TRUE,6
813,2018,TRUE,7
813,2019,TRUE,8
813,2020,TRUE,9
819,2004,FALSE,-9
819,2005,FALSE,-8
819,2006,FALSE,-7
819,2007,FALSE,-6
819,2008,FALSE,-5
819,2009,FALSE,-4
819,2010,FALSE,-3
819,2011,FALSE,-2
819,2012,FALSE,-1
819,2013,TRUE,-0
819,2014,TRUE,1
819,2015,TRUE,2
819,2016,TRUE,3
819,2017,TRUE,4
819,2018,TRUE,5
819,2019,TRUE,6
819,2020,TRUE,7
820,2004,FALSE,-9
820,2005,FALSE,-8
820,2006,FALSE,-7
820,2007,FALSE,-6
820,2008,FALSE,-5
820,2009,FALSE,-4
820,2010,FALSE,-3
820,2011,FALSE,-2
820,2012,FALSE,-1
820,2013,TRUE,-0
820,2014,TRUE,1
820,2015,TRUE,2
820,2016,TRUE,3
820,2017,TRUE,4
820,2018,TRUE,5
820,2019,TRUE,6
820,2020,TRUE,7
821,2004,FALSE,-99
821,2005,FALSE,-99
821,2006,FALSE,-99
821,2007,FALSE,-99
821,2008,FALSE,-99
821,2009,FALSE,-99
821,2010,FALSE,-99
821,2011,FALSE,-99
821,2012,FALSE,-99
821,2013,FALSE,-99
821,2014,FALSE,-99
821,2015,FALSE,-99
821,2016,FALSE,-99
821,2017,FALSE,-99
821,2018,FALSE,-99
821,2019,FALSE,-99
821,2020,FALSE,-99
825,2004,FALSE,-99
825,2005,FALSE,-99
825,2006,FALSE,-99
825,2007,FALSE,-99
825,2008,FALSE,-99
825,2009,FALSE,-99
825,2010,FALSE,-99
825,2011,FALSE,-99
825,2012,FALSE,-99
825,2013,FALSE,-99
825,2014,FALSE,-99
825,2015,FALSE,-99
825,2016,FALSE,-99
825,2017,FALSE,-99
825,2018,FALSE,-99
825,2019,FALSE,-99
825,2020,FALSE,-99
828,2004,FALSE,-99
828,2005,FALSE,-99
828,2006,FALSE,-99
828,2007,FALSE,-99
828,2008,FALSE,-99
828,2009,FALSE,-99
828,2010,FALSE,-99
828,2011,FALSE,-99
828,2012,FALSE,-99
828,2013,FALSE,-99
828,2014,FALSE,-99
828,2015,FALSE,-99
828,2016,FALSE,-99
828,2017,FALSE,-99
828,2018,FALSE,-99
828,2019,FALSE,-99
828,2020,FALSE,-99
839,2004,TRUE,-0
839,2005,TRUE,1
839,2006,TRUE,2
839,2007,TRUE,3
839,2008,TRUE,4
839,2009,TRUE,5
839,2010,TRUE,6
839,2011,TRUE,7
839,2012,TRUE,8
839,2013,TRUE,9
839,2014,TRUE,10
839,2015,TRUE,11
839,2016,TRUE,12
839,2017,TRUE,13
839,2018,TRUE,14
839,2019,TRUE,15
839,2020,TRUE,16
855,2004,FALSE,-99
855,2005,FALSE,-99
855,2006,FALSE,-99
855,2007,FALSE,-99
855,2008,FALSE,-99
855,2009,FALSE,-99
855,2010,FALSE,-99
855,2011,FALSE,-99
855,2012,FALSE,-99
855,2013,FALSE,-99
855,2014,FALSE,-99
855,2015,FALSE,-99
855,2016,FALSE,-99
855,2017,FALSE,-99
855,2018,FALSE,-99
855,2019,FALSE,-99
855,2020,FALSE,-99
862,2004,TRUE,-0
862,2005,FALSE,1
862,2006,FALSE,2
862,2007,FALSE,3
862,2008,FALSE,4
862,2009,FALSE,5
862,2010,FALSE,6
862,2011,FALSE,7
862,2012,FALSE,8
862,2013,FALSE,9
862,2014,FALSE,10
862,2015,FALSE,11
862,2016,FALSE,12
862,2017,FALSE,13
862,2018,FALSE,14
862,2019,FALSE,15
862,2020,FALSE,16
866,2004,FALSE,-9
866,2005,FALSE,-8
866,2006,FALSE,-7
866,2007,FALSE,-6
866,2008,FALSE,-5
866,2009,FALSE,-4
866,2010,FALSE,-3
866,2011,FALSE,-2
866,2012,FALSE,-1
866,2013,TRUE,-0
866,2014,TRUE,1
866,2015,TRUE,2
866,2016,TRUE,3
866,2017,TRUE,4
866,2018,TRUE,5
866,2019,TRUE,6
866,2020,TRUE,7
868,2004,FALSE,-13
868,2005,FALSE,-12
868,2006,FALSE,-11
868,2007,FALSE,-10
868,2008,FALSE,-9
868,2009,FALSE,-8
868,2010,FALSE,-7
868,2011,FALSE,-6
868,2012,FALSE,-5
868,2013,FALSE,-4
868,2014,FALSE,-3
868,2015,FALSE,-2
868,2016,FALSE,-1
868,2017,TRUE,-0
868,2018,TRUE,1
868,2019,TRUE,2
868,2020,TRUE,3
881,2004,FALSE,-9
881,2005,FALSE,-8
881,2006,FALSE,-7
881,2007,FALSE,-6
881,2008,FALSE,-5
881,2009,FALSE,-4
881,2010,FALSE,-3
881,2011,FALSE,-2
881,2012,FALSE,-1
881,2013,TRUE,-0
881,2014,TRUE,1
881,2015,TRUE,2
881,2016,TRUE,3
881,2017,TRUE,4
881,2018,TRUE,5
881,2019,TRUE,6
881,2020,TRUE,7
